"Throughput (Mbps)","Time (s)","Flow"
95.5048,0.1,"Flow 1"
80.5124,0.1,"Flow 2"
4.28402,0.1,"Flow 3"
3.55745,0.1,"Flow 4"
95.5048,0.2,"Flow 1"
80.3062,0.2,"Flow 2"
4.28402,0.2,"Flow 3"
3.62973,0.2,"Flow 4"
95.5048,0.3,"Flow 1"
80.3062,0.3,"Flow 2"
4.28402,0.3,"Flow 3"
3.62973,0.3,"Flow 4"
95.5048,0.4,"Flow 1"
80.3062,0.4,"Flow 2"
4.28402,0.4,"Flow 3"
3.62973,0.4,"Flow 4"
95.5048,0.5,"Flow 1"
80.3062,0.5,"Flow 2"
4.28402,0.5,"Flow 3"
3.62973,0.5,"Flow 4"
95.5048,0.6,"Flow 1"
80.3062,0.6,"Flow 2"
4.28402,0.6,"Flow 3"
3.62973,0.6,"Flow 4"
95.5048,0.7,"Flow 1"
80.3062,0.7,"Flow 2"
4.28402,0.7,"Flow 3"
3.62973,0.7,"Flow 4"
95.5048,0.8,"Flow 1"
80.3062,0.8,"Flow 2"
4.28402,0.8,"Flow 3"
3.62973,0.8,"Flow 4"
95.5048,0.9,"Flow 1"
80.3062,0.9,"Flow 2"
4.28402,0.9,"Flow 3"
3.62973,0.9,"Flow 4"
95.5048,1,"Flow 1"
80.3062,1,"Flow 2"
4.28402,1,"Flow 3"
3.62973,1,"Flow 4"
95.5048,1.1,"Flow 1"
80.3062,1.1,"Flow 2"
4.28402,1.1,"Flow 3"
3.62973,1.1,"Flow 4"
95.5048,1.2,"Flow 1"
80.3062,1.2,"Flow 2"
4.28402,1.2,"Flow 3"
3.62973,1.2,"Flow 4"
95.5048,1.3,"Flow 1"
80.3062,1.3,"Flow 2"
4.28402,1.3,"Flow 3"
3.62973,1.3,"Flow 4"
95.5048,1.4,"Flow 1"
80.3062,1.4,"Flow 2"
4.28402,1.4,"Flow 3"
3.62973,1.4,"Flow 4"
95.5048,1.5,"Flow 1"
80.3062,1.5,"Flow 2"
4.28402,1.5,"Flow 3"
3.62973,1.5,"Flow 4"
95.5048,1.6,"Flow 1"
80.3062,1.6,"Flow 2"
4.28402,1.6,"Flow 3"
3.62973,1.6,"Flow 4"
95.5048,1.7,"Flow 1"
80.3062,1.7,"Flow 2"
4.28402,1.7,"Flow 3"
3.62973,1.7,"Flow 4"
95.5048,1.8,"Flow 1"
80.3062,1.8,"Flow 2"
4.28402,1.8,"Flow 3"
3.62973,1.8,"Flow 4"
95.5048,1.9,"Flow 1"
80.3062,1.9,"Flow 2"
4.28402,1.9,"Flow 3"
3.62973,1.9,"Flow 4"
95.5048,2,"Flow 1"
80.3062,2,"Flow 2"
4.28402,2,"Flow 3"
3.62973,2,"Flow 4"
95.5048,2.1,"Flow 1"
80.3062,2.1,"Flow 2"
4.28402,2.1,"Flow 3"
3.62973,2.1,"Flow 4"
95.5048,2.2,"Flow 1"
80.3062,2.2,"Flow 2"
4.28402,2.2,"Flow 3"
3.62973,2.2,"Flow 4"
95.5048,2.3,"Flow 1"
80.3062,2.3,"Flow 2"
4.28402,2.3,"Flow 3"
3.62973,2.3,"Flow 4"
95.5048,2.4,"Flow 1"
80.3062,2.4,"Flow 2"
4.28402,2.4,"Flow 3"
3.62973,2.4,"Flow 4"
95.5048,2.5,"Flow 1"
80.3062,2.5,"Flow 2"
4.28402,2.5,"Flow 3"
3.62973,2.5,"Flow 4"
95.5048,2.6,"Flow 1"
80.3062,2.6,"Flow 2"
4.28402,2.6,"Flow 3"
3.62973,2.6,"Flow 4"
95.5048,2.7,"Flow 1"
80.3062,2.7,"Flow 2"
4.28402,2.7,"Flow 3"
3.62973,2.7,"Flow 4"
95.5048,2.8,"Flow 1"
80.3062,2.8,"Flow 2"
4.28402,2.8,"Flow 3"
3.62973,2.8,"Flow 4"
95.5048,2.9,"Flow 1"
80.3062,2.9,"Flow 2"
4.28402,2.9,"Flow 3"
3.62973,2.9,"Flow 4"
95.5048,3,"Flow 1"
80.3062,3,"Flow 2"
4.28402,3,"Flow 3"
3.62973,3,"Flow 4"
0,3,"Flow 5"
95.5048,3.1,"Flow 1"
80.3062,3.1,"Flow 2"
4.28402,3.1,"Flow 3"
3.62973,3.1,"Flow 4"
80.5124,3.1,"Flow 5"
3.55745,3.1,"Flow 6"
95.5048,3.2,"Flow 1"
80.3062,3.2,"Flow 2"
4.28402,3.2,"Flow 3"
3.62973,3.2,"Flow 4"
80.3062,3.2,"Flow 5"
3.62973,3.2,"Flow 6"
95.5048,3.3,"Flow 1"
80.3062,3.3,"Flow 2"
4.28402,3.3,"Flow 3"
3.62973,3.3,"Flow 4"
80.3062,3.3,"Flow 5"
3.62973,3.3,"Flow 6"
95.5048,3.4,"Flow 1"
80.3062,3.4,"Flow 2"
4.28402,3.4,"Flow 3"
3.62973,3.4,"Flow 4"
80.3062,3.4,"Flow 5"
3.62973,3.4,"Flow 6"
95.5048,3.5,"Flow 1"
80.3062,3.5,"Flow 2"
4.28402,3.5,"Flow 3"
3.62973,3.5,"Flow 4"
80.3062,3.5,"Flow 5"
3.62973,3.5,"Flow 6"
95.5048,3.6,"Flow 1"
80.3062,3.6,"Flow 2"
4.28402,3.6,"Flow 3"
3.62973,3.6,"Flow 4"
80.3062,3.6,"Flow 5"
3.62973,3.6,"Flow 6"
95.5048,3.7,"Flow 1"
80.3062,3.7,"Flow 2"
4.28402,3.7,"Flow 3"
3.62973,3.7,"Flow 4"
80.3062,3.7,"Flow 5"
3.62973,3.7,"Flow 6"
95.5048,3.8,"Flow 1"
80.3062,3.8,"Flow 2"
4.28402,3.8,"Flow 3"
3.62973,3.8,"Flow 4"
80.3062,3.8,"Flow 5"
3.62973,3.8,"Flow 6"
95.5048,3.9,"Flow 1"
80.3062,3.9,"Flow 2"
4.28402,3.9,"Flow 3"
3.62973,3.9,"Flow 4"
80.3062,3.9,"Flow 5"
3.62973,3.9,"Flow 6"
95.5048,4,"Flow 1"
80.3062,4,"Flow 2"
4.28402,4,"Flow 3"
3.62973,4,"Flow 4"
80.3062,4,"Flow 5"
3.62973,4,"Flow 6"
95.5048,4.1,"Flow 1"
80.3062,4.1,"Flow 2"
4.28402,4.1,"Flow 3"
3.62973,4.1,"Flow 4"
80.3062,4.1,"Flow 5"
3.62973,4.1,"Flow 6"
95.5048,4.2,"Flow 1"
80.3062,4.2,"Flow 2"
4.28402,4.2,"Flow 3"
3.62973,4.2,"Flow 4"
80.3062,4.2,"Flow 5"
3.62973,4.2,"Flow 6"
95.5048,4.3,"Flow 1"
80.3062,4.3,"Flow 2"
4.28402,4.3,"Flow 3"
3.62973,4.3,"Flow 4"
80.3062,4.3,"Flow 5"
3.62973,4.3,"Flow 6"
95.5048,4.4,"Flow 1"
80.3062,4.4,"Flow 2"
4.28402,4.4,"Flow 3"
3.62973,4.4,"Flow 4"
80.3062,4.4,"Flow 5"
3.62973,4.4,"Flow 6"
95.5048,4.5,"Flow 1"
80.3062,4.5,"Flow 2"
4.28402,4.5,"Flow 3"
3.62973,4.5,"Flow 4"
80.3062,4.5,"Flow 5"
3.62973,4.5,"Flow 6"
95.5048,4.6,"Flow 1"
80.3062,4.6,"Flow 2"
4.28402,4.6,"Flow 3"
3.62973,4.6,"Flow 4"
80.3062,4.6,"Flow 5"
3.62973,4.6,"Flow 6"
95.5048,4.7,"Flow 1"
80.3062,4.7,"Flow 2"
4.28402,4.7,"Flow 3"
3.62973,4.7,"Flow 4"
80.3062,4.7,"Flow 5"
3.62973,4.7,"Flow 6"
95.5048,4.8,"Flow 1"
80.3062,4.8,"Flow 2"
4.28402,4.8,"Flow 3"
3.62973,4.8,"Flow 4"
80.3062,4.8,"Flow 5"
3.62973,4.8,"Flow 6"
95.5048,4.9,"Flow 1"
80.3062,4.9,"Flow 2"
4.28402,4.9,"Flow 3"
3.62973,4.9,"Flow 4"
80.3062,4.9,"Flow 5"
3.62973,4.9,"Flow 6"
95.5048,5,"Flow 1"
80.3062,5,"Flow 2"
4.28402,5,"Flow 3"
3.62973,5,"Flow 4"
80.3062,5,"Flow 5"
3.62973,5,"Flow 6"
95.5048,5.1,"Flow 1"
80.3062,5.1,"Flow 2"
4.28402,5.1,"Flow 3"
3.62973,5.1,"Flow 4"
80.3062,5.1,"Flow 5"
3.62973,5.1,"Flow 6"
95.5048,5.2,"Flow 1"
80.3062,5.2,"Flow 2"
4.28402,5.2,"Flow 3"
3.62973,5.2,"Flow 4"
80.3062,5.2,"Flow 5"
3.62973,5.2,"Flow 6"
95.5048,5.3,"Flow 1"
80.3062,5.3,"Flow 2"
4.28402,5.3,"Flow 3"
3.62973,5.3,"Flow 4"
80.3062,5.3,"Flow 5"
3.62973,5.3,"Flow 6"
95.5048,5.4,"Flow 1"
80.3062,5.4,"Flow 2"
4.28402,5.4,"Flow 3"
3.62973,5.4,"Flow 4"
80.3062,5.4,"Flow 5"
3.62973,5.4,"Flow 6"
95.5048,5.5,"Flow 1"
80.3062,5.5,"Flow 2"
4.28402,5.5,"Flow 3"
3.62973,5.5,"Flow 4"
80.3062,5.5,"Flow 5"
3.62973,5.5,"Flow 6"
95.5048,5.6,"Flow 1"
80.3062,5.6,"Flow 2"
4.28402,5.6,"Flow 3"
3.62973,5.6,"Flow 4"
80.3062,5.6,"Flow 5"
3.62973,5.6,"Flow 6"
95.5048,5.7,"Flow 1"
80.3062,5.7,"Flow 2"
4.28402,5.7,"Flow 3"
3.62973,5.7,"Flow 4"
80.3062,5.7,"Flow 5"
3.62973,5.7,"Flow 6"
95.5048,5.8,"Flow 1"
80.3062,5.8,"Flow 2"
4.28402,5.8,"Flow 3"
3.62973,5.8,"Flow 4"
80.3062,5.8,"Flow 5"
3.62973,5.8,"Flow 6"
95.5048,5.9,"Flow 1"
80.3062,5.9,"Flow 2"
4.28402,5.9,"Flow 3"
3.62973,5.9,"Flow 4"
80.3062,5.9,"Flow 5"
3.62973,5.9,"Flow 6"
95.5048,6,"Flow 1"
80.3062,6,"Flow 2"
4.28402,6,"Flow 3"
3.62973,6,"Flow 4"
80.3062,6,"Flow 5"
3.62973,6,"Flow 6"
95.5048,6.1,"Flow 1"
80.3062,6.1,"Flow 2"
4.28402,6.1,"Flow 3"
3.62973,6.1,"Flow 4"
80.3062,6.1,"Flow 5"
3.62973,6.1,"Flow 6"
95.5048,6.2,"Flow 1"
80.3062,6.2,"Flow 2"
4.28402,6.2,"Flow 3"
3.62973,6.2,"Flow 4"
80.3062,6.2,"Flow 5"
3.62973,6.2,"Flow 6"
95.5048,6.3,"Flow 1"
80.3062,6.3,"Flow 2"
4.28402,6.3,"Flow 3"
3.62973,6.3,"Flow 4"
80.3062,6.3,"Flow 5"
3.62973,6.3,"Flow 6"
95.5048,6.4,"Flow 1"
80.3062,6.4,"Flow 2"
4.28402,6.4,"Flow 3"
3.62973,6.4,"Flow 4"
80.3062,6.4,"Flow 5"
3.62973,6.4,"Flow 6"
95.5048,6.5,"Flow 1"
80.3062,6.5,"Flow 2"
4.28402,6.5,"Flow 3"
3.62973,6.5,"Flow 4"
80.3062,6.5,"Flow 5"
3.62973,6.5,"Flow 6"
95.5048,6.6,"Flow 1"
80.3062,6.6,"Flow 2"
4.28402,6.6,"Flow 3"
3.62973,6.6,"Flow 4"
80.3062,6.6,"Flow 5"
3.62973,6.6,"Flow 6"
95.5048,6.7,"Flow 1"
80.3062,6.7,"Flow 2"
4.28402,6.7,"Flow 3"
3.62973,6.7,"Flow 4"
80.3062,6.7,"Flow 5"
3.62973,6.7,"Flow 6"
95.5048,6.8,"Flow 1"
80.3062,6.8,"Flow 2"
4.28402,6.8,"Flow 3"
3.62973,6.8,"Flow 4"
80.3062,6.8,"Flow 5"
3.62973,6.8,"Flow 6"
95.5048,6.9,"Flow 1"
80.3062,6.9,"Flow 2"
4.28402,6.9,"Flow 3"
3.62973,6.9,"Flow 4"
80.3062,6.9,"Flow 5"
3.62973,6.9,"Flow 6"
95.5048,7,"Flow 1"
80.3062,7,"Flow 2"
4.28402,7,"Flow 3"
3.62973,7,"Flow 4"
80.3062,7,"Flow 5"
3.62973,7,"Flow 6"
0,7,"Flow 7"
95.5048,7.1,"Flow 1"
80.3062,7.1,"Flow 2"
4.28402,7.1,"Flow 3"
3.62973,7.1,"Flow 4"
80.3062,7.1,"Flow 5"
3.62973,7.1,"Flow 6"
80.5124,7.1,"Flow 7"
3.55745,7.1,"Flow 8"
95.5048,7.2,"Flow 1"
80.3062,7.2,"Flow 2"
4.28402,7.2,"Flow 3"
3.62973,7.2,"Flow 4"
80.3062,7.2,"Flow 5"
3.62973,7.2,"Flow 6"
80.3062,7.2,"Flow 7"
3.62973,7.2,"Flow 8"
95.5048,7.3,"Flow 1"
80.3062,7.3,"Flow 2"
4.28402,7.3,"Flow 3"
3.62973,7.3,"Flow 4"
80.3062,7.3,"Flow 5"
3.62973,7.3,"Flow 6"
80.3062,7.3,"Flow 7"
3.62973,7.3,"Flow 8"
95.5048,7.4,"Flow 1"
80.3062,7.4,"Flow 2"
4.28402,7.4,"Flow 3"
3.62973,7.4,"Flow 4"
80.3062,7.4,"Flow 5"
3.62973,7.4,"Flow 6"
80.3062,7.4,"Flow 7"
3.62973,7.4,"Flow 8"
95.5048,7.5,"Flow 1"
80.3062,7.5,"Flow 2"
4.28402,7.5,"Flow 3"
3.62973,7.5,"Flow 4"
80.3062,7.5,"Flow 5"
3.62973,7.5,"Flow 6"
80.3062,7.5,"Flow 7"
3.62973,7.5,"Flow 8"
95.5048,7.6,"Flow 1"
80.3062,7.6,"Flow 2"
4.28402,7.6,"Flow 3"
3.62973,7.6,"Flow 4"
80.3062,7.6,"Flow 5"
3.62973,7.6,"Flow 6"
80.3062,7.6,"Flow 7"
3.62973,7.6,"Flow 8"
95.5048,7.7,"Flow 1"
80.3062,7.7,"Flow 2"
4.28402,7.7,"Flow 3"
3.62973,7.7,"Flow 4"
80.3062,7.7,"Flow 5"
3.62973,7.7,"Flow 6"
80.3062,7.7,"Flow 7"
3.62973,7.7,"Flow 8"
95.5048,7.8,"Flow 1"
80.3062,7.8,"Flow 2"
4.28402,7.8,"Flow 3"
3.62973,7.8,"Flow 4"
80.3062,7.8,"Flow 5"
3.62973,7.8,"Flow 6"
80.3062,7.8,"Flow 7"
3.62973,7.8,"Flow 8"
95.5048,7.9,"Flow 1"
80.3062,7.9,"Flow 2"
4.28402,7.9,"Flow 3"
3.62973,7.9,"Flow 4"
80.3062,7.9,"Flow 5"
3.62973,7.9,"Flow 6"
80.3062,7.9,"Flow 7"
3.62973,7.9,"Flow 8"
95.5048,8,"Flow 1"
80.3062,8,"Flow 2"
4.28402,8,"Flow 3"
3.62973,8,"Flow 4"
80.3062,8,"Flow 5"
3.62973,8,"Flow 6"
80.3062,8,"Flow 7"
3.62973,8,"Flow 8"
95.5048,8.1,"Flow 1"
80.3062,8.1,"Flow 2"
4.28402,8.1,"Flow 3"
3.62973,8.1,"Flow 4"
80.3062,8.1,"Flow 5"
3.62973,8.1,"Flow 6"
80.3062,8.1,"Flow 7"
3.62973,8.1,"Flow 8"
95.5048,8.2,"Flow 1"
80.3062,8.2,"Flow 2"
4.28402,8.2,"Flow 3"
3.62973,8.2,"Flow 4"
80.3062,8.2,"Flow 5"
3.62973,8.2,"Flow 6"
80.3062,8.2,"Flow 7"
3.62973,8.2,"Flow 8"
95.5048,8.3,"Flow 1"
80.3062,8.3,"Flow 2"
4.28402,8.3,"Flow 3"
3.62973,8.3,"Flow 4"
80.3062,8.3,"Flow 5"
3.62973,8.3,"Flow 6"
80.3062,8.3,"Flow 7"
3.62973,8.3,"Flow 8"
95.5048,8.4,"Flow 1"
80.3062,8.4,"Flow 2"
4.28402,8.4,"Flow 3"
3.62973,8.4,"Flow 4"
80.3062,8.4,"Flow 5"
3.62973,8.4,"Flow 6"
80.3062,8.4,"Flow 7"
3.62973,8.4,"Flow 8"
95.5048,8.5,"Flow 1"
80.3062,8.5,"Flow 2"
4.28402,8.5,"Flow 3"
3.62973,8.5,"Flow 4"
80.3062,8.5,"Flow 5"
3.62973,8.5,"Flow 6"
80.3062,8.5,"Flow 7"
3.62973,8.5,"Flow 8"
95.5048,8.6,"Flow 1"
80.3062,8.6,"Flow 2"
4.28402,8.6,"Flow 3"
3.62973,8.6,"Flow 4"
80.3062,8.6,"Flow 5"
3.62973,8.6,"Flow 6"
80.3062,8.6,"Flow 7"
3.62973,8.6,"Flow 8"
95.5048,8.7,"Flow 1"
80.3062,8.7,"Flow 2"
4.28402,8.7,"Flow 3"
3.62973,8.7,"Flow 4"
80.3062,8.7,"Flow 5"
3.62973,8.7,"Flow 6"
80.3062,8.7,"Flow 7"
3.62973,8.7,"Flow 8"
95.5048,8.8,"Flow 1"
80.3062,8.8,"Flow 2"
4.28402,8.8,"Flow 3"
3.62973,8.8,"Flow 4"
80.3062,8.8,"Flow 5"
3.62973,8.8,"Flow 6"
80.3062,8.8,"Flow 7"
3.62973,8.8,"Flow 8"
95.5048,8.9,"Flow 1"
80.3062,8.9,"Flow 2"
4.28402,8.9,"Flow 3"
3.62973,8.9,"Flow 4"
80.3062,8.9,"Flow 5"
3.62973,8.9,"Flow 6"
80.3062,8.9,"Flow 7"
3.62973,8.9,"Flow 8"
95.5048,9,"Flow 1"
80.3062,9,"Flow 2"
4.28402,9,"Flow 3"
3.62973,9,"Flow 4"
80.3062,9,"Flow 5"
3.62973,9,"Flow 6"
80.3062,9,"Flow 7"
3.62973,9,"Flow 8"
95.5048,9.1,"Flow 1"
80.3062,9.1,"Flow 2"
4.28402,9.1,"Flow 3"
3.62973,9.1,"Flow 4"
80.3062,9.1,"Flow 5"
3.62973,9.1,"Flow 6"
80.3062,9.1,"Flow 7"
3.62973,9.1,"Flow 8"
95.5048,9.2,"Flow 1"
80.3062,9.2,"Flow 2"
4.28402,9.2,"Flow 3"
3.62973,9.2,"Flow 4"
80.3062,9.2,"Flow 5"
3.62973,9.2,"Flow 6"
80.3062,9.2,"Flow 7"
3.62973,9.2,"Flow 8"
95.5048,9.3,"Flow 1"
80.3062,9.3,"Flow 2"
4.28402,9.3,"Flow 3"
3.62973,9.3,"Flow 4"
80.3062,9.3,"Flow 5"
3.62973,9.3,"Flow 6"
80.3062,9.3,"Flow 7"
3.62973,9.3,"Flow 8"
95.5048,9.4,"Flow 1"
80.3062,9.4,"Flow 2"
4.28402,9.4,"Flow 3"
3.62973,9.4,"Flow 4"
80.3062,9.4,"Flow 5"
3.62973,9.4,"Flow 6"
80.3062,9.4,"Flow 7"
3.62973,9.4,"Flow 8"
95.5048,9.5,"Flow 1"
80.3062,9.5,"Flow 2"
4.28402,9.5,"Flow 3"
3.62973,9.5,"Flow 4"
80.3062,9.5,"Flow 5"
3.62973,9.5,"Flow 6"
80.3062,9.5,"Flow 7"
3.62973,9.5,"Flow 8"
95.5048,9.6,"Flow 1"
80.3062,9.6,"Flow 2"
4.28402,9.6,"Flow 3"
3.62973,9.6,"Flow 4"
80.3062,9.6,"Flow 5"
3.62973,9.6,"Flow 6"
80.3062,9.6,"Flow 7"
3.62973,9.6,"Flow 8"
95.5048,9.7,"Flow 1"
80.3062,9.7,"Flow 2"
4.28402,9.7,"Flow 3"
3.62973,9.7,"Flow 4"
80.3062,9.7,"Flow 5"
3.62973,9.7,"Flow 6"
80.3062,9.7,"Flow 7"
3.62973,9.7,"Flow 8"
95.5048,9.8,"Flow 1"
80.3062,9.8,"Flow 2"
4.28402,9.8,"Flow 3"
3.62973,9.8,"Flow 4"
80.3062,9.8,"Flow 5"
3.62973,9.8,"Flow 6"
80.3062,9.8,"Flow 7"
3.62973,9.8,"Flow 8"
95.5048,9.9,"Flow 1"
80.3062,9.9,"Flow 2"
4.28402,9.9,"Flow 3"
3.62973,9.9,"Flow 4"
80.3062,9.9,"Flow 5"
3.62973,9.9,"Flow 6"
80.3062,9.9,"Flow 7"
3.62973,9.9,"Flow 8"
95.5048,10,"Flow 1"
80.3062,10,"Flow 2"
4.28402,10,"Flow 3"
3.62973,10,"Flow 4"
80.3062,10,"Flow 5"
3.62973,10,"Flow 6"
80.3062,10,"Flow 7"
3.62973,10,"Flow 8"
95.5048,10.1,"Flow 1"
80.3062,10.1,"Flow 2"
4.28402,10.1,"Flow 3"
3.62973,10.1,"Flow 4"
80.3062,10.1,"Flow 5"
3.62973,10.1,"Flow 6"
80.3062,10.1,"Flow 7"
3.62973,10.1,"Flow 8"
95.5048,10.2,"Flow 1"
80.3062,10.2,"Flow 2"
4.28402,10.2,"Flow 3"
3.62973,10.2,"Flow 4"
80.3062,10.2,"Flow 5"
3.62973,10.2,"Flow 6"
80.3062,10.2,"Flow 7"
3.62973,10.2,"Flow 8"
95.5048,10.3,"Flow 1"
80.3062,10.3,"Flow 2"
4.28402,10.3,"Flow 3"
3.62973,10.3,"Flow 4"
80.3062,10.3,"Flow 5"
3.62973,10.3,"Flow 6"
80.3062,10.3,"Flow 7"
3.62973,10.3,"Flow 8"
95.5048,10.4,"Flow 1"
80.3062,10.4,"Flow 2"
4.28402,10.4,"Flow 3"
3.62973,10.4,"Flow 4"
80.3062,10.4,"Flow 5"
3.62973,10.4,"Flow 6"
80.3062,10.4,"Flow 7"
3.62973,10.4,"Flow 8"
95.5048,10.5,"Flow 1"
80.3062,10.5,"Flow 2"
4.28402,10.5,"Flow 3"
3.62973,10.5,"Flow 4"
80.3062,10.5,"Flow 5"
3.62973,10.5,"Flow 6"
80.3062,10.5,"Flow 7"
3.62973,10.5,"Flow 8"
95.5048,10.6,"Flow 1"
80.3062,10.6,"Flow 2"
4.28402,10.6,"Flow 3"
3.62973,10.6,"Flow 4"
80.3062,10.6,"Flow 5"
3.62973,10.6,"Flow 6"
80.3062,10.6,"Flow 7"
3.62973,10.6,"Flow 8"
95.5048,10.7,"Flow 1"
80.3062,10.7,"Flow 2"
4.28402,10.7,"Flow 3"
3.62973,10.7,"Flow 4"
80.3062,10.7,"Flow 5"
3.62973,10.7,"Flow 6"
80.3062,10.7,"Flow 7"
3.62973,10.7,"Flow 8"
95.5048,10.8,"Flow 1"
80.3062,10.8,"Flow 2"
4.28402,10.8,"Flow 3"
3.62973,10.8,"Flow 4"
80.3062,10.8,"Flow 5"
3.62973,10.8,"Flow 6"
80.3062,10.8,"Flow 7"
3.62973,10.8,"Flow 8"
95.5048,10.9,"Flow 1"
80.3062,10.9,"Flow 2"
4.28402,10.9,"Flow 3"
3.62973,10.9,"Flow 4"
80.3062,10.9,"Flow 5"
3.62973,10.9,"Flow 6"
80.3062,10.9,"Flow 7"
3.62973,10.9,"Flow 8"
95.5048,11,"Flow 1"
80.3062,11,"Flow 2"
4.28402,11,"Flow 3"
3.62973,11,"Flow 4"
80.3062,11,"Flow 5"
3.62973,11,"Flow 6"
80.3062,11,"Flow 7"
3.62973,11,"Flow 8"
95.5048,11.1,"Flow 1"
80.3062,11.1,"Flow 2"
4.28402,11.1,"Flow 3"
3.62973,11.1,"Flow 4"
80.3062,11.1,"Flow 5"
3.62973,11.1,"Flow 6"
80.3062,11.1,"Flow 7"
3.62973,11.1,"Flow 8"
95.5048,11.2,"Flow 1"
80.3062,11.2,"Flow 2"
4.28402,11.2,"Flow 3"
3.62973,11.2,"Flow 4"
80.3062,11.2,"Flow 5"
3.62973,11.2,"Flow 6"
80.3062,11.2,"Flow 7"
3.62973,11.2,"Flow 8"
95.5048,11.3,"Flow 1"
80.3062,11.3,"Flow 2"
4.28402,11.3,"Flow 3"
3.62973,11.3,"Flow 4"
80.3062,11.3,"Flow 5"
3.62973,11.3,"Flow 6"
80.3062,11.3,"Flow 7"
3.62973,11.3,"Flow 8"
95.5048,11.4,"Flow 1"
80.3062,11.4,"Flow 2"
4.28402,11.4,"Flow 3"
3.62973,11.4,"Flow 4"
80.3062,11.4,"Flow 5"
3.62973,11.4,"Flow 6"
80.3062,11.4,"Flow 7"
3.62973,11.4,"Flow 8"
95.5048,11.5,"Flow 1"
80.3062,11.5,"Flow 2"
4.28402,11.5,"Flow 3"
3.62973,11.5,"Flow 4"
80.3062,11.5,"Flow 5"
3.62973,11.5,"Flow 6"
80.3062,11.5,"Flow 7"
3.62973,11.5,"Flow 8"
95.5048,11.6,"Flow 1"
80.3062,11.6,"Flow 2"
4.28402,11.6,"Flow 3"
3.62973,11.6,"Flow 4"
80.3062,11.6,"Flow 5"
3.62973,11.6,"Flow 6"
80.3062,11.6,"Flow 7"
3.62973,11.6,"Flow 8"
95.5048,11.7,"Flow 1"
80.3062,11.7,"Flow 2"
4.28402,11.7,"Flow 3"
3.62973,11.7,"Flow 4"
80.3062,11.7,"Flow 5"
3.62973,11.7,"Flow 6"
80.3062,11.7,"Flow 7"
3.62973,11.7,"Flow 8"
95.5048,11.8,"Flow 1"
80.3062,11.8,"Flow 2"
4.28402,11.8,"Flow 3"
3.62973,11.8,"Flow 4"
80.3062,11.8,"Flow 5"
3.62973,11.8,"Flow 6"
80.3062,11.8,"Flow 7"
3.62973,11.8,"Flow 8"
95.5048,11.9,"Flow 1"
80.3062,11.9,"Flow 2"
4.28402,11.9,"Flow 3"
3.62973,11.9,"Flow 4"
80.3062,11.9,"Flow 5"
3.62973,11.9,"Flow 6"
80.3062,11.9,"Flow 7"
3.62973,11.9,"Flow 8"
95.5048,12,"Flow 1"
80.3062,12,"Flow 2"
4.28402,12,"Flow 3"
3.62973,12,"Flow 4"
80.3062,12,"Flow 5"
3.62973,12,"Flow 6"
80.3062,12,"Flow 7"
3.62973,12,"Flow 8"
95.5048,12.1,"Flow 1"
80.3062,12.1,"Flow 2"
4.28402,12.1,"Flow 3"
3.62973,12.1,"Flow 4"
80.3062,12.1,"Flow 5"
3.62973,12.1,"Flow 6"
80.3062,12.1,"Flow 7"
3.62973,12.1,"Flow 8"
95.5048,12.2,"Flow 1"
80.3062,12.2,"Flow 2"
4.28402,12.2,"Flow 3"
3.62973,12.2,"Flow 4"
80.3062,12.2,"Flow 5"
3.62973,12.2,"Flow 6"
80.3062,12.2,"Flow 7"
3.62973,12.2,"Flow 8"
95.5048,12.3,"Flow 1"
80.3062,12.3,"Flow 2"
4.28402,12.3,"Flow 3"
3.62973,12.3,"Flow 4"
80.3062,12.3,"Flow 5"
3.62973,12.3,"Flow 6"
80.3062,12.3,"Flow 7"
3.62973,12.3,"Flow 8"
95.5048,12.4,"Flow 1"
80.3062,12.4,"Flow 2"
4.28402,12.4,"Flow 3"
3.62973,12.4,"Flow 4"
80.3062,12.4,"Flow 5"
3.62973,12.4,"Flow 6"
80.3062,12.4,"Flow 7"
3.62973,12.4,"Flow 8"
95.5048,12.5,"Flow 1"
80.3062,12.5,"Flow 2"
4.28402,12.5,"Flow 3"
3.62973,12.5,"Flow 4"
80.3062,12.5,"Flow 5"
3.62973,12.5,"Flow 6"
80.3062,12.5,"Flow 7"
3.62973,12.5,"Flow 8"
95.5048,12.6,"Flow 1"
80.3062,12.6,"Flow 2"
4.28402,12.6,"Flow 3"
3.62973,12.6,"Flow 4"
80.3062,12.6,"Flow 5"
3.62973,12.6,"Flow 6"
80.3062,12.6,"Flow 7"
3.62973,12.6,"Flow 8"
95.5048,12.7,"Flow 1"
80.3062,12.7,"Flow 2"
4.28402,12.7,"Flow 3"
3.62973,12.7,"Flow 4"
80.3062,12.7,"Flow 5"
3.62973,12.7,"Flow 6"
80.3062,12.7,"Flow 7"
3.62973,12.7,"Flow 8"
95.5048,12.8,"Flow 1"
80.3062,12.8,"Flow 2"
4.28402,12.8,"Flow 3"
3.62973,12.8,"Flow 4"
80.3062,12.8,"Flow 5"
3.62973,12.8,"Flow 6"
80.3062,12.8,"Flow 7"
3.62973,12.8,"Flow 8"
95.5048,12.9,"Flow 1"
80.3062,12.9,"Flow 2"
4.28402,12.9,"Flow 3"
3.62973,12.9,"Flow 4"
80.3062,12.9,"Flow 5"
3.62973,12.9,"Flow 6"
80.3062,12.9,"Flow 7"
3.62973,12.9,"Flow 8"
95.5048,13,"Flow 1"
80.3062,13,"Flow 2"
4.28402,13,"Flow 3"
3.62973,13,"Flow 4"
80.3062,13,"Flow 5"
3.62973,13,"Flow 6"
80.3062,13,"Flow 7"
3.62973,13,"Flow 8"
95.5048,13.1,"Flow 1"
80.3062,13.1,"Flow 2"
4.28402,13.1,"Flow 3"
3.62973,13.1,"Flow 4"
80.3062,13.1,"Flow 5"
3.62973,13.1,"Flow 6"
80.3062,13.1,"Flow 7"
3.62973,13.1,"Flow 8"
95.5048,13.2,"Flow 1"
80.3062,13.2,"Flow 2"
4.28402,13.2,"Flow 3"
3.62973,13.2,"Flow 4"
80.3062,13.2,"Flow 5"
3.62973,13.2,"Flow 6"
80.3062,13.2,"Flow 7"
3.62973,13.2,"Flow 8"
95.5048,13.3,"Flow 1"
80.3062,13.3,"Flow 2"
4.28402,13.3,"Flow 3"
3.62973,13.3,"Flow 4"
80.3062,13.3,"Flow 5"
3.62973,13.3,"Flow 6"
80.3062,13.3,"Flow 7"
3.62973,13.3,"Flow 8"
95.5048,13.4,"Flow 1"
80.3062,13.4,"Flow 2"
4.28402,13.4,"Flow 3"
3.62973,13.4,"Flow 4"
80.3062,13.4,"Flow 5"
3.62973,13.4,"Flow 6"
80.3062,13.4,"Flow 7"
3.62973,13.4,"Flow 8"
95.5048,13.5,"Flow 1"
80.3062,13.5,"Flow 2"
4.28402,13.5,"Flow 3"
3.62973,13.5,"Flow 4"
80.3062,13.5,"Flow 5"
3.62973,13.5,"Flow 6"
80.3062,13.5,"Flow 7"
3.62973,13.5,"Flow 8"
95.5048,13.6,"Flow 1"
80.3062,13.6,"Flow 2"
4.28402,13.6,"Flow 3"
3.62973,13.6,"Flow 4"
80.3062,13.6,"Flow 5"
3.62973,13.6,"Flow 6"
80.3062,13.6,"Flow 7"
3.62973,13.6,"Flow 8"
95.5048,13.7,"Flow 1"
80.3062,13.7,"Flow 2"
4.28402,13.7,"Flow 3"
3.62973,13.7,"Flow 4"
80.3062,13.7,"Flow 5"
3.62973,13.7,"Flow 6"
80.3062,13.7,"Flow 7"
3.62973,13.7,"Flow 8"
95.5048,13.8,"Flow 1"
80.3062,13.8,"Flow 2"
4.28402,13.8,"Flow 3"
3.62973,13.8,"Flow 4"
80.3062,13.8,"Flow 5"
3.62973,13.8,"Flow 6"
80.3062,13.8,"Flow 7"
3.62973,13.8,"Flow 8"
95.5048,13.9,"Flow 1"
80.3062,13.9,"Flow 2"
4.28402,13.9,"Flow 3"
3.62973,13.9,"Flow 4"
80.3062,13.9,"Flow 5"
3.62973,13.9,"Flow 6"
80.3062,13.9,"Flow 7"
3.62973,13.9,"Flow 8"
95.5048,14,"Flow 1"
80.3062,14,"Flow 2"
4.28402,14,"Flow 3"
3.62973,14,"Flow 4"
80.3062,14,"Flow 5"
3.62973,14,"Flow 6"
80.3062,14,"Flow 7"
3.62973,14,"Flow 8"
95.5048,14.1,"Flow 1"
80.3062,14.1,"Flow 2"
4.28402,14.1,"Flow 3"
3.62973,14.1,"Flow 4"
80.3062,14.1,"Flow 5"
3.62973,14.1,"Flow 6"
80.3062,14.1,"Flow 7"
3.62973,14.1,"Flow 8"
95.5048,14.2,"Flow 1"
80.3062,14.2,"Flow 2"
4.28402,14.2,"Flow 3"
3.62973,14.2,"Flow 4"
80.3062,14.2,"Flow 5"
3.62973,14.2,"Flow 6"
80.3062,14.2,"Flow 7"
3.62973,14.2,"Flow 8"
95.5048,14.3,"Flow 1"
80.3062,14.3,"Flow 2"
4.28402,14.3,"Flow 3"
3.62973,14.3,"Flow 4"
80.3062,14.3,"Flow 5"
3.62973,14.3,"Flow 6"
80.3062,14.3,"Flow 7"
3.62973,14.3,"Flow 8"
95.5048,14.4,"Flow 1"
80.3062,14.4,"Flow 2"
4.28402,14.4,"Flow 3"
3.62973,14.4,"Flow 4"
80.3062,14.4,"Flow 5"
3.62973,14.4,"Flow 6"
80.3062,14.4,"Flow 7"
3.62973,14.4,"Flow 8"
95.5048,14.5,"Flow 1"
80.3062,14.5,"Flow 2"
4.28402,14.5,"Flow 3"
3.62973,14.5,"Flow 4"
80.3062,14.5,"Flow 5"
3.62973,14.5,"Flow 6"
80.3062,14.5,"Flow 7"
3.62973,14.5,"Flow 8"
95.5048,14.6,"Flow 1"
80.3062,14.6,"Flow 2"
4.28402,14.6,"Flow 3"
3.62973,14.6,"Flow 4"
80.3062,14.6,"Flow 5"
3.62973,14.6,"Flow 6"
80.3062,14.6,"Flow 7"
3.62973,14.6,"Flow 8"
95.5048,14.7,"Flow 1"
80.3062,14.7,"Flow 2"
4.28402,14.7,"Flow 3"
3.62973,14.7,"Flow 4"
80.3062,14.7,"Flow 5"
3.62973,14.7,"Flow 6"
80.3062,14.7,"Flow 7"
3.62973,14.7,"Flow 8"
95.5048,14.8,"Flow 1"
80.3062,14.8,"Flow 2"
4.28402,14.8,"Flow 3"
3.62973,14.8,"Flow 4"
80.3062,14.8,"Flow 5"
3.62973,14.8,"Flow 6"
80.3062,14.8,"Flow 7"
3.62973,14.8,"Flow 8"
95.5048,14.9,"Flow 1"
80.3062,14.9,"Flow 2"
4.28402,14.9,"Flow 3"
3.62973,14.9,"Flow 4"
80.3062,14.9,"Flow 5"
3.62973,14.9,"Flow 6"
80.3062,14.9,"Flow 7"
3.62973,14.9,"Flow 8"
95.5048,15,"Flow 1"
80.3062,15,"Flow 2"
4.28402,15,"Flow 3"
3.62973,15,"Flow 4"
80.3062,15,"Flow 5"
3.62973,15,"Flow 6"
80.3062,15,"Flow 7"
3.62973,15,"Flow 8"
95.5048,15.1,"Flow 1"
80.3062,15.1,"Flow 2"
4.28402,15.1,"Flow 3"
3.62973,15.1,"Flow 4"
80.3062,15.1,"Flow 5"
3.62973,15.1,"Flow 6"
80.3062,15.1,"Flow 7"
3.62973,15.1,"Flow 8"
95.5048,15.2,"Flow 1"
80.3062,15.2,"Flow 2"
4.28402,15.2,"Flow 3"
3.62973,15.2,"Flow 4"
80.3062,15.2,"Flow 5"
3.62973,15.2,"Flow 6"
80.3062,15.2,"Flow 7"
3.62973,15.2,"Flow 8"
95.5048,15.3,"Flow 1"
80.3062,15.3,"Flow 2"
4.28402,15.3,"Flow 3"
3.62973,15.3,"Flow 4"
80.3062,15.3,"Flow 5"
3.62973,15.3,"Flow 6"
80.3062,15.3,"Flow 7"
3.62973,15.3,"Flow 8"
95.5048,15.4,"Flow 1"
80.3062,15.4,"Flow 2"
4.28402,15.4,"Flow 3"
3.62973,15.4,"Flow 4"
80.3062,15.4,"Flow 5"
3.62973,15.4,"Flow 6"
80.3062,15.4,"Flow 7"
3.62973,15.4,"Flow 8"
95.5048,15.5,"Flow 1"
80.3062,15.5,"Flow 2"
4.28402,15.5,"Flow 3"
3.62973,15.5,"Flow 4"
80.3062,15.5,"Flow 5"
3.62973,15.5,"Flow 6"
80.3062,15.5,"Flow 7"
3.62973,15.5,"Flow 8"
95.5048,15.6,"Flow 1"
80.3062,15.6,"Flow 2"
4.28402,15.6,"Flow 3"
3.62973,15.6,"Flow 4"
80.3062,15.6,"Flow 5"
3.62973,15.6,"Flow 6"
80.3062,15.6,"Flow 7"
3.62973,15.6,"Flow 8"
95.5048,15.7,"Flow 1"
80.3062,15.7,"Flow 2"
4.28402,15.7,"Flow 3"
3.62973,15.7,"Flow 4"
80.3062,15.7,"Flow 5"
3.62973,15.7,"Flow 6"
80.3062,15.7,"Flow 7"
3.62973,15.7,"Flow 8"
95.5048,15.8,"Flow 1"
80.3062,15.8,"Flow 2"
4.28402,15.8,"Flow 3"
3.62973,15.8,"Flow 4"
80.3062,15.8,"Flow 5"
3.62973,15.8,"Flow 6"
80.3062,15.8,"Flow 7"
3.62973,15.8,"Flow 8"
95.5048,15.9,"Flow 1"
80.3062,15.9,"Flow 2"
4.28402,15.9,"Flow 3"
3.62973,15.9,"Flow 4"
80.3062,15.9,"Flow 5"
3.62973,15.9,"Flow 6"
80.3062,15.9,"Flow 7"
3.62973,15.9,"Flow 8"
95.5048,16,"Flow 1"
80.3062,16,"Flow 2"
4.28402,16,"Flow 3"
3.62973,16,"Flow 4"
80.3062,16,"Flow 5"
3.62973,16,"Flow 6"
80.3062,16,"Flow 7"
3.62973,16,"Flow 8"
95.5048,16.1,"Flow 1"
80.3062,16.1,"Flow 2"
4.28402,16.1,"Flow 3"
3.62973,16.1,"Flow 4"
80.3062,16.1,"Flow 5"
3.62973,16.1,"Flow 6"
80.3062,16.1,"Flow 7"
3.62973,16.1,"Flow 8"
95.5048,16.2,"Flow 1"
80.3062,16.2,"Flow 2"
4.28402,16.2,"Flow 3"
3.62973,16.2,"Flow 4"
80.3062,16.2,"Flow 5"
3.62973,16.2,"Flow 6"
80.3062,16.2,"Flow 7"
3.62973,16.2,"Flow 8"
95.5048,16.3,"Flow 1"
80.3062,16.3,"Flow 2"
4.28402,16.3,"Flow 3"
3.62973,16.3,"Flow 4"
80.3062,16.3,"Flow 5"
3.62973,16.3,"Flow 6"
80.3062,16.3,"Flow 7"
3.62973,16.3,"Flow 8"
95.5048,16.4,"Flow 1"
80.3062,16.4,"Flow 2"
4.28402,16.4,"Flow 3"
3.62973,16.4,"Flow 4"
80.3062,16.4,"Flow 5"
3.62973,16.4,"Flow 6"
80.3062,16.4,"Flow 7"
3.62973,16.4,"Flow 8"
95.5048,16.5,"Flow 1"
80.3062,16.5,"Flow 2"
4.28402,16.5,"Flow 3"
3.62973,16.5,"Flow 4"
80.3062,16.5,"Flow 5"
3.62973,16.5,"Flow 6"
80.3062,16.5,"Flow 7"
3.62973,16.5,"Flow 8"
95.5048,16.6,"Flow 1"
80.3062,16.6,"Flow 2"
4.28402,16.6,"Flow 3"
3.62973,16.6,"Flow 4"
80.3062,16.6,"Flow 5"
3.62973,16.6,"Flow 6"
80.3062,16.6,"Flow 7"
3.62973,16.6,"Flow 8"
95.5048,16.7,"Flow 1"
80.3062,16.7,"Flow 2"
4.28402,16.7,"Flow 3"
3.62973,16.7,"Flow 4"
80.3062,16.7,"Flow 5"
3.62973,16.7,"Flow 6"
80.3062,16.7,"Flow 7"
3.62973,16.7,"Flow 8"
95.5048,16.8,"Flow 1"
80.3062,16.8,"Flow 2"
4.28402,16.8,"Flow 3"
3.62973,16.8,"Flow 4"
80.3062,16.8,"Flow 5"
3.62973,16.8,"Flow 6"
80.3062,16.8,"Flow 7"
3.62973,16.8,"Flow 8"
95.5048,16.9,"Flow 1"
80.3062,16.9,"Flow 2"
4.28402,16.9,"Flow 3"
3.62973,16.9,"Flow 4"
80.3062,16.9,"Flow 5"
3.62973,16.9,"Flow 6"
80.3062,16.9,"Flow 7"
3.62973,16.9,"Flow 8"
95.5048,17,"Flow 1"
80.3062,17,"Flow 2"
4.28402,17,"Flow 3"
3.62973,17,"Flow 4"
80.3062,17,"Flow 5"
3.62973,17,"Flow 6"
80.3062,17,"Flow 7"
3.62973,17,"Flow 8"
95.5048,17.1,"Flow 1"
80.3062,17.1,"Flow 2"
4.28402,17.1,"Flow 3"
3.62973,17.1,"Flow 4"
80.3062,17.1,"Flow 5"
3.62973,17.1,"Flow 6"
80.3062,17.1,"Flow 7"
3.62973,17.1,"Flow 8"
95.5048,17.2,"Flow 1"
80.3062,17.2,"Flow 2"
4.28402,17.2,"Flow 3"
3.62973,17.2,"Flow 4"
80.3062,17.2,"Flow 5"
3.62973,17.2,"Flow 6"
80.3062,17.2,"Flow 7"
3.62973,17.2,"Flow 8"
95.5048,17.3,"Flow 1"
80.3062,17.3,"Flow 2"
4.28402,17.3,"Flow 3"
3.62973,17.3,"Flow 4"
80.3062,17.3,"Flow 5"
3.62973,17.3,"Flow 6"
80.3062,17.3,"Flow 7"
3.62973,17.3,"Flow 8"
95.5048,17.4,"Flow 1"
80.3062,17.4,"Flow 2"
4.28402,17.4,"Flow 3"
3.62973,17.4,"Flow 4"
80.3062,17.4,"Flow 5"
3.62973,17.4,"Flow 6"
80.3062,17.4,"Flow 7"
3.62973,17.4,"Flow 8"
95.5048,17.5,"Flow 1"
80.3062,17.5,"Flow 2"
4.28402,17.5,"Flow 3"
3.62973,17.5,"Flow 4"
80.3062,17.5,"Flow 5"
3.62973,17.5,"Flow 6"
80.3062,17.5,"Flow 7"
3.62973,17.5,"Flow 8"
95.5048,17.6,"Flow 1"
80.3062,17.6,"Flow 2"
4.28402,17.6,"Flow 3"
3.62973,17.6,"Flow 4"
80.3062,17.6,"Flow 5"
3.62973,17.6,"Flow 6"
80.3062,17.6,"Flow 7"
3.62973,17.6,"Flow 8"
95.5048,17.7,"Flow 1"
80.3062,17.7,"Flow 2"
4.28402,17.7,"Flow 3"
3.62973,17.7,"Flow 4"
80.3062,17.7,"Flow 5"
3.62973,17.7,"Flow 6"
80.3062,17.7,"Flow 7"
3.62973,17.7,"Flow 8"
95.5048,17.8,"Flow 1"
80.3062,17.8,"Flow 2"
4.28402,17.8,"Flow 3"
3.62973,17.8,"Flow 4"
80.3062,17.8,"Flow 5"
3.62973,17.8,"Flow 6"
80.3062,17.8,"Flow 7"
3.62973,17.8,"Flow 8"
95.5048,17.9,"Flow 1"
80.3062,17.9,"Flow 2"
4.28402,17.9,"Flow 3"
3.62973,17.9,"Flow 4"
80.3062,17.9,"Flow 5"
3.62973,17.9,"Flow 6"
80.3062,17.9,"Flow 7"
3.62973,17.9,"Flow 8"
95.5048,18,"Flow 1"
80.3062,18,"Flow 2"
4.28402,18,"Flow 3"
3.62973,18,"Flow 4"
80.3062,18,"Flow 5"
3.62973,18,"Flow 6"
80.3062,18,"Flow 7"
3.62973,18,"Flow 8"
95.5048,18.1,"Flow 1"
80.3062,18.1,"Flow 2"
4.28402,18.1,"Flow 3"
3.62973,18.1,"Flow 4"
80.3062,18.1,"Flow 5"
3.62973,18.1,"Flow 6"
80.3062,18.1,"Flow 7"
3.62973,18.1,"Flow 8"
95.5048,18.2,"Flow 1"
80.3062,18.2,"Flow 2"
4.28402,18.2,"Flow 3"
3.62973,18.2,"Flow 4"
80.3062,18.2,"Flow 5"
3.62973,18.2,"Flow 6"
80.3062,18.2,"Flow 7"
3.62973,18.2,"Flow 8"
95.5048,18.3,"Flow 1"
80.3062,18.3,"Flow 2"
4.28402,18.3,"Flow 3"
3.62973,18.3,"Flow 4"
80.3062,18.3,"Flow 5"
3.62973,18.3,"Flow 6"
80.3062,18.3,"Flow 7"
3.62973,18.3,"Flow 8"
95.5048,18.4,"Flow 1"
80.3062,18.4,"Flow 2"
4.28402,18.4,"Flow 3"
3.62973,18.4,"Flow 4"
80.3062,18.4,"Flow 5"
3.62973,18.4,"Flow 6"
80.3062,18.4,"Flow 7"
3.62973,18.4,"Flow 8"
95.5048,18.5,"Flow 1"
80.3062,18.5,"Flow 2"
4.28402,18.5,"Flow 3"
3.62973,18.5,"Flow 4"
80.3062,18.5,"Flow 5"
3.62973,18.5,"Flow 6"
80.3062,18.5,"Flow 7"
3.62973,18.5,"Flow 8"
95.5048,18.6,"Flow 1"
80.3062,18.6,"Flow 2"
4.28402,18.6,"Flow 3"
3.62973,18.6,"Flow 4"
80.3062,18.6,"Flow 5"
3.62973,18.6,"Flow 6"
80.3062,18.6,"Flow 7"
3.62973,18.6,"Flow 8"
95.5048,18.7,"Flow 1"
80.3062,18.7,"Flow 2"
4.28402,18.7,"Flow 3"
3.62973,18.7,"Flow 4"
80.3062,18.7,"Flow 5"
3.62973,18.7,"Flow 6"
80.3062,18.7,"Flow 7"
3.62973,18.7,"Flow 8"
95.5048,18.8,"Flow 1"
80.3062,18.8,"Flow 2"
4.28402,18.8,"Flow 3"
3.62973,18.8,"Flow 4"
80.3062,18.8,"Flow 5"
3.62973,18.8,"Flow 6"
80.3062,18.8,"Flow 7"
3.62973,18.8,"Flow 8"
95.5048,18.9,"Flow 1"
80.3062,18.9,"Flow 2"
4.28402,18.9,"Flow 3"
3.62973,18.9,"Flow 4"
80.3062,18.9,"Flow 5"
3.62973,18.9,"Flow 6"
80.3062,18.9,"Flow 7"
3.62973,18.9,"Flow 8"
95.5048,19,"Flow 1"
80.3062,19,"Flow 2"
4.28402,19,"Flow 3"
3.62973,19,"Flow 4"
80.3062,19,"Flow 5"
3.62973,19,"Flow 6"
80.3062,19,"Flow 7"
3.62973,19,"Flow 8"
95.5048,19.1,"Flow 1"
80.3062,19.1,"Flow 2"
4.28402,19.1,"Flow 3"
3.62973,19.1,"Flow 4"
80.3062,19.1,"Flow 5"
3.62973,19.1,"Flow 6"
80.3062,19.1,"Flow 7"
3.62973,19.1,"Flow 8"
95.5048,19.2,"Flow 1"
80.3062,19.2,"Flow 2"
4.28402,19.2,"Flow 3"
3.62973,19.2,"Flow 4"
80.3062,19.2,"Flow 5"
3.62973,19.2,"Flow 6"
80.3062,19.2,"Flow 7"
3.62973,19.2,"Flow 8"
95.5048,19.3,"Flow 1"
80.3062,19.3,"Flow 2"
4.28402,19.3,"Flow 3"
3.62973,19.3,"Flow 4"
80.3062,19.3,"Flow 5"
3.62973,19.3,"Flow 6"
80.3062,19.3,"Flow 7"
3.62973,19.3,"Flow 8"
95.5048,19.4,"Flow 1"
80.3062,19.4,"Flow 2"
4.28402,19.4,"Flow 3"
3.62973,19.4,"Flow 4"
80.3062,19.4,"Flow 5"
3.62973,19.4,"Flow 6"
80.3062,19.4,"Flow 7"
3.62973,19.4,"Flow 8"
95.5048,19.5,"Flow 1"
80.3062,19.5,"Flow 2"
4.28402,19.5,"Flow 3"
3.62973,19.5,"Flow 4"
80.3062,19.5,"Flow 5"
3.62973,19.5,"Flow 6"
80.3062,19.5,"Flow 7"
3.62973,19.5,"Flow 8"
95.5048,19.6,"Flow 1"
80.3062,19.6,"Flow 2"
4.28402,19.6,"Flow 3"
3.62973,19.6,"Flow 4"
80.3062,19.6,"Flow 5"
3.62973,19.6,"Flow 6"
80.3062,19.6,"Flow 7"
3.62973,19.6,"Flow 8"
95.5048,19.7,"Flow 1"
80.3062,19.7,"Flow 2"
4.28402,19.7,"Flow 3"
3.62973,19.7,"Flow 4"
80.3062,19.7,"Flow 5"
3.62973,19.7,"Flow 6"
80.3062,19.7,"Flow 7"
3.62973,19.7,"Flow 8"
95.5048,19.8,"Flow 1"
80.3062,19.8,"Flow 2"
4.28402,19.8,"Flow 3"
3.62973,19.8,"Flow 4"
80.3062,19.8,"Flow 5"
3.62973,19.8,"Flow 6"
80.3062,19.8,"Flow 7"
3.62973,19.8,"Flow 8"
95.5048,19.9,"Flow 1"
80.3062,19.9,"Flow 2"
4.28402,19.9,"Flow 3"
3.62973,19.9,"Flow 4"
80.3062,19.9,"Flow 5"
3.62973,19.9,"Flow 6"
80.3062,19.9,"Flow 7"
3.62973,19.9,"Flow 8"
95.5048,20,"Flow 1"
80.3062,20,"Flow 2"
4.28402,20,"Flow 3"
3.62973,20,"Flow 4"
80.3062,20,"Flow 5"
3.62973,20,"Flow 6"
80.3062,20,"Flow 7"
3.62973,20,"Flow 8"
95.5048,20.1,"Flow 1"
80.3062,20.1,"Flow 2"
4.28402,20.1,"Flow 3"
3.62973,20.1,"Flow 4"
80.3062,20.1,"Flow 5"
3.62973,20.1,"Flow 6"
80.3062,20.1,"Flow 7"
3.62973,20.1,"Flow 8"
95.5048,20.2,"Flow 1"
80.3062,20.2,"Flow 2"
4.28402,20.2,"Flow 3"
3.62973,20.2,"Flow 4"
80.3062,20.2,"Flow 5"
3.62973,20.2,"Flow 6"
80.3062,20.2,"Flow 7"
3.62973,20.2,"Flow 8"
95.5048,20.3,"Flow 1"
80.3062,20.3,"Flow 2"
4.28402,20.3,"Flow 3"
3.62973,20.3,"Flow 4"
80.3062,20.3,"Flow 5"
3.62973,20.3,"Flow 6"
80.3062,20.3,"Flow 7"
3.62973,20.3,"Flow 8"
95.5048,20.4,"Flow 1"
80.3062,20.4,"Flow 2"
4.28402,20.4,"Flow 3"
3.62973,20.4,"Flow 4"
80.3062,20.4,"Flow 5"
3.62973,20.4,"Flow 6"
80.3062,20.4,"Flow 7"
3.62973,20.4,"Flow 8"
95.5048,20.5,"Flow 1"
80.3062,20.5,"Flow 2"
4.28402,20.5,"Flow 3"
3.62973,20.5,"Flow 4"
80.3062,20.5,"Flow 5"
3.62973,20.5,"Flow 6"
80.3062,20.5,"Flow 7"
3.62973,20.5,"Flow 8"
95.5048,20.6,"Flow 1"
80.3062,20.6,"Flow 2"
4.28402,20.6,"Flow 3"
3.62973,20.6,"Flow 4"
80.3062,20.6,"Flow 5"
3.62973,20.6,"Flow 6"
80.3062,20.6,"Flow 7"
3.62973,20.6,"Flow 8"
95.5048,20.7,"Flow 1"
80.3062,20.7,"Flow 2"
4.28402,20.7,"Flow 3"
3.62973,20.7,"Flow 4"
80.3062,20.7,"Flow 5"
3.62973,20.7,"Flow 6"
80.3062,20.7,"Flow 7"
3.62973,20.7,"Flow 8"
95.5048,20.8,"Flow 1"
80.3062,20.8,"Flow 2"
4.28402,20.8,"Flow 3"
3.62973,20.8,"Flow 4"
80.3062,20.8,"Flow 5"
3.62973,20.8,"Flow 6"
80.3062,20.8,"Flow 7"
3.62973,20.8,"Flow 8"
95.5048,20.9,"Flow 1"
80.3062,20.9,"Flow 2"
4.28402,20.9,"Flow 3"
3.62973,20.9,"Flow 4"
80.3062,20.9,"Flow 5"
3.62973,20.9,"Flow 6"
80.3062,20.9,"Flow 7"
3.62973,20.9,"Flow 8"
95.5048,21,"Flow 1"
80.3062,21,"Flow 2"
4.28402,21,"Flow 3"
3.62973,21,"Flow 4"
80.3062,21,"Flow 5"
3.62973,21,"Flow 6"
80.3062,21,"Flow 7"
3.62973,21,"Flow 8"
95.5048,21.1,"Flow 1"
80.3062,21.1,"Flow 2"
4.28402,21.1,"Flow 3"
3.62973,21.1,"Flow 4"
80.3062,21.1,"Flow 5"
3.62973,21.1,"Flow 6"
80.3062,21.1,"Flow 7"
3.62973,21.1,"Flow 8"
95.5048,21.2,"Flow 1"
80.3062,21.2,"Flow 2"
4.28402,21.2,"Flow 3"
3.62973,21.2,"Flow 4"
80.3062,21.2,"Flow 5"
3.62973,21.2,"Flow 6"
80.3062,21.2,"Flow 7"
3.62973,21.2,"Flow 8"
95.5048,21.3,"Flow 1"
80.3062,21.3,"Flow 2"
4.28402,21.3,"Flow 3"
3.62973,21.3,"Flow 4"
80.3062,21.3,"Flow 5"
3.62973,21.3,"Flow 6"
80.3062,21.3,"Flow 7"
3.62973,21.3,"Flow 8"
95.5048,21.4,"Flow 1"
80.3062,21.4,"Flow 2"
4.28402,21.4,"Flow 3"
3.62973,21.4,"Flow 4"
80.3062,21.4,"Flow 5"
3.62973,21.4,"Flow 6"
80.3062,21.4,"Flow 7"
3.62973,21.4,"Flow 8"
95.5048,21.5,"Flow 1"
80.3062,21.5,"Flow 2"
4.28402,21.5,"Flow 3"
3.62973,21.5,"Flow 4"
80.3062,21.5,"Flow 5"
3.62973,21.5,"Flow 6"
80.3062,21.5,"Flow 7"
3.62973,21.5,"Flow 8"
95.5048,21.6,"Flow 1"
80.3062,21.6,"Flow 2"
4.28402,21.6,"Flow 3"
3.62973,21.6,"Flow 4"
80.3062,21.6,"Flow 5"
3.62973,21.6,"Flow 6"
80.3062,21.6,"Flow 7"
3.62973,21.6,"Flow 8"
95.5048,21.7,"Flow 1"
80.3062,21.7,"Flow 2"
4.28402,21.7,"Flow 3"
3.62973,21.7,"Flow 4"
80.3062,21.7,"Flow 5"
3.62973,21.7,"Flow 6"
80.3062,21.7,"Flow 7"
3.62973,21.7,"Flow 8"
95.5048,21.8,"Flow 1"
80.3062,21.8,"Flow 2"
4.28402,21.8,"Flow 3"
3.62973,21.8,"Flow 4"
80.3062,21.8,"Flow 5"
3.62973,21.8,"Flow 6"
80.3062,21.8,"Flow 7"
3.62973,21.8,"Flow 8"
95.5048,21.9,"Flow 1"
80.3062,21.9,"Flow 2"
4.28402,21.9,"Flow 3"
3.62973,21.9,"Flow 4"
80.3062,21.9,"Flow 5"
3.62973,21.9,"Flow 6"
80.3062,21.9,"Flow 7"
3.62973,21.9,"Flow 8"
95.5048,22,"Flow 1"
80.3062,22,"Flow 2"
4.28402,22,"Flow 3"
3.62973,22,"Flow 4"
80.3062,22,"Flow 5"
3.62973,22,"Flow 6"
80.3062,22,"Flow 7"
3.62973,22,"Flow 8"
95.5048,22.1,"Flow 1"
80.3062,22.1,"Flow 2"
4.28402,22.1,"Flow 3"
3.62973,22.1,"Flow 4"
80.3062,22.1,"Flow 5"
3.62973,22.1,"Flow 6"
80.3062,22.1,"Flow 7"
3.62973,22.1,"Flow 8"
95.5048,22.2,"Flow 1"
80.3062,22.2,"Flow 2"
4.28402,22.2,"Flow 3"
3.62973,22.2,"Flow 4"
80.3062,22.2,"Flow 5"
3.62973,22.2,"Flow 6"
80.3062,22.2,"Flow 7"
3.62973,22.2,"Flow 8"
95.5048,22.3,"Flow 1"
80.3062,22.3,"Flow 2"
4.28402,22.3,"Flow 3"
3.62973,22.3,"Flow 4"
80.3062,22.3,"Flow 5"
3.62973,22.3,"Flow 6"
80.3062,22.3,"Flow 7"
3.62973,22.3,"Flow 8"
95.5048,22.4,"Flow 1"
80.3062,22.4,"Flow 2"
4.28402,22.4,"Flow 3"
3.62973,22.4,"Flow 4"
80.3062,22.4,"Flow 5"
3.62973,22.4,"Flow 6"
80.3062,22.4,"Flow 7"
3.62973,22.4,"Flow 8"
95.5048,22.5,"Flow 1"
80.3062,22.5,"Flow 2"
4.28402,22.5,"Flow 3"
3.62973,22.5,"Flow 4"
80.3062,22.5,"Flow 5"
3.62973,22.5,"Flow 6"
80.3062,22.5,"Flow 7"
3.62973,22.5,"Flow 8"
95.5048,22.6,"Flow 1"
80.3062,22.6,"Flow 2"
4.28402,22.6,"Flow 3"
3.62973,22.6,"Flow 4"
80.3062,22.6,"Flow 5"
3.62973,22.6,"Flow 6"
80.3062,22.6,"Flow 7"
3.62973,22.6,"Flow 8"
95.5048,22.7,"Flow 1"
80.3062,22.7,"Flow 2"
4.28402,22.7,"Flow 3"
3.62973,22.7,"Flow 4"
80.3062,22.7,"Flow 5"
3.62973,22.7,"Flow 6"
80.3062,22.7,"Flow 7"
3.62973,22.7,"Flow 8"
95.5048,22.8,"Flow 1"
80.3062,22.8,"Flow 2"
4.28402,22.8,"Flow 3"
3.62973,22.8,"Flow 4"
80.3062,22.8,"Flow 5"
3.62973,22.8,"Flow 6"
80.3062,22.8,"Flow 7"
3.62973,22.8,"Flow 8"
95.5048,22.9,"Flow 1"
80.3062,22.9,"Flow 2"
4.28402,22.9,"Flow 3"
3.62973,22.9,"Flow 4"
80.3062,22.9,"Flow 5"
3.62973,22.9,"Flow 6"
80.3062,22.9,"Flow 7"
3.62973,22.9,"Flow 8"
95.5048,23,"Flow 1"
80.3062,23,"Flow 2"
4.28402,23,"Flow 3"
3.62973,23,"Flow 4"
80.3062,23,"Flow 5"
3.62973,23,"Flow 6"
80.3062,23,"Flow 7"
3.62973,23,"Flow 8"
95.5048,23.1,"Flow 1"
80.3062,23.1,"Flow 2"
4.28402,23.1,"Flow 3"
3.62973,23.1,"Flow 4"
80.3062,23.1,"Flow 5"
3.62973,23.1,"Flow 6"
80.3062,23.1,"Flow 7"
3.62973,23.1,"Flow 8"
95.5048,23.2,"Flow 1"
80.3062,23.2,"Flow 2"
4.28402,23.2,"Flow 3"
3.62973,23.2,"Flow 4"
80.3062,23.2,"Flow 5"
3.62973,23.2,"Flow 6"
80.3062,23.2,"Flow 7"
3.62973,23.2,"Flow 8"
95.5048,23.3,"Flow 1"
80.3062,23.3,"Flow 2"
4.28402,23.3,"Flow 3"
3.62973,23.3,"Flow 4"
80.3062,23.3,"Flow 5"
3.62973,23.3,"Flow 6"
80.3062,23.3,"Flow 7"
3.62973,23.3,"Flow 8"
95.5048,23.4,"Flow 1"
80.3062,23.4,"Flow 2"
4.28402,23.4,"Flow 3"
3.62973,23.4,"Flow 4"
80.3062,23.4,"Flow 5"
3.62973,23.4,"Flow 6"
80.3062,23.4,"Flow 7"
3.62973,23.4,"Flow 8"
95.5048,23.5,"Flow 1"
80.3062,23.5,"Flow 2"
4.28402,23.5,"Flow 3"
3.62973,23.5,"Flow 4"
80.3062,23.5,"Flow 5"
3.62973,23.5,"Flow 6"
80.3062,23.5,"Flow 7"
3.62973,23.5,"Flow 8"
95.5048,23.6,"Flow 1"
80.3062,23.6,"Flow 2"
4.28402,23.6,"Flow 3"
3.62973,23.6,"Flow 4"
80.3062,23.6,"Flow 5"
3.62973,23.6,"Flow 6"
80.3062,23.6,"Flow 7"
3.62973,23.6,"Flow 8"
95.5048,23.7,"Flow 1"
80.3062,23.7,"Flow 2"
4.28402,23.7,"Flow 3"
3.62973,23.7,"Flow 4"
80.3062,23.7,"Flow 5"
3.62973,23.7,"Flow 6"
80.3062,23.7,"Flow 7"
3.62973,23.7,"Flow 8"
95.5048,23.8,"Flow 1"
80.3062,23.8,"Flow 2"
4.28402,23.8,"Flow 3"
3.62973,23.8,"Flow 4"
80.3062,23.8,"Flow 5"
3.62973,23.8,"Flow 6"
80.3062,23.8,"Flow 7"
3.62973,23.8,"Flow 8"
95.5048,23.9,"Flow 1"
80.3062,23.9,"Flow 2"
4.28402,23.9,"Flow 3"
3.62973,23.9,"Flow 4"
80.3062,23.9,"Flow 5"
3.62973,23.9,"Flow 6"
80.3062,23.9,"Flow 7"
3.62973,23.9,"Flow 8"
95.5048,24,"Flow 1"
80.3062,24,"Flow 2"
4.28402,24,"Flow 3"
3.62973,24,"Flow 4"
80.3062,24,"Flow 5"
3.62973,24,"Flow 6"
80.3062,24,"Flow 7"
3.62973,24,"Flow 8"
95.5048,24.1,"Flow 1"
80.3062,24.1,"Flow 2"
4.28402,24.1,"Flow 3"
3.62973,24.1,"Flow 4"
80.3062,24.1,"Flow 5"
3.62973,24.1,"Flow 6"
80.3062,24.1,"Flow 7"
3.62973,24.1,"Flow 8"
95.5048,24.2,"Flow 1"
80.3062,24.2,"Flow 2"
4.28402,24.2,"Flow 3"
3.62973,24.2,"Flow 4"
80.3062,24.2,"Flow 5"
3.62973,24.2,"Flow 6"
80.3062,24.2,"Flow 7"
3.62973,24.2,"Flow 8"
95.5048,24.3,"Flow 1"
80.3062,24.3,"Flow 2"
4.28402,24.3,"Flow 3"
3.62973,24.3,"Flow 4"
80.3062,24.3,"Flow 5"
3.62973,24.3,"Flow 6"
80.3062,24.3,"Flow 7"
3.62973,24.3,"Flow 8"
95.5048,24.4,"Flow 1"
80.3062,24.4,"Flow 2"
4.28402,24.4,"Flow 3"
3.62973,24.4,"Flow 4"
80.3062,24.4,"Flow 5"
3.62973,24.4,"Flow 6"
80.3062,24.4,"Flow 7"
3.62973,24.4,"Flow 8"
95.5048,24.5,"Flow 1"
80.3062,24.5,"Flow 2"
4.28402,24.5,"Flow 3"
3.62973,24.5,"Flow 4"
80.3062,24.5,"Flow 5"
3.62973,24.5,"Flow 6"
80.3062,24.5,"Flow 7"
3.62973,24.5,"Flow 8"
95.5048,24.6,"Flow 1"
80.3062,24.6,"Flow 2"
4.28402,24.6,"Flow 3"
3.62973,24.6,"Flow 4"
80.3062,24.6,"Flow 5"
3.62973,24.6,"Flow 6"
80.3062,24.6,"Flow 7"
3.62973,24.6,"Flow 8"
95.5048,24.7,"Flow 1"
80.3062,24.7,"Flow 2"
4.28402,24.7,"Flow 3"
3.62973,24.7,"Flow 4"
80.3062,24.7,"Flow 5"
3.62973,24.7,"Flow 6"
80.3062,24.7,"Flow 7"
3.62973,24.7,"Flow 8"
95.5048,24.8,"Flow 1"
80.3062,24.8,"Flow 2"
4.28402,24.8,"Flow 3"
3.62973,24.8,"Flow 4"
80.3062,24.8,"Flow 5"
3.62973,24.8,"Flow 6"
80.3062,24.8,"Flow 7"
3.62973,24.8,"Flow 8"
95.5048,24.9,"Flow 1"
80.3062,24.9,"Flow 2"
4.28402,24.9,"Flow 3"
3.62973,24.9,"Flow 4"
80.3062,24.9,"Flow 5"
3.62973,24.9,"Flow 6"
80.3062,24.9,"Flow 7"
3.62973,24.9,"Flow 8"
95.5048,25,"Flow 1"
80.3062,25,"Flow 2"
4.28402,25,"Flow 3"
3.62973,25,"Flow 4"
80.3062,25,"Flow 5"
3.62973,25,"Flow 6"
80.3062,25,"Flow 7"
3.62973,25,"Flow 8"
95.5048,25.1,"Flow 1"
80.3062,25.1,"Flow 2"
4.28402,25.1,"Flow 3"
3.62973,25.1,"Flow 4"
80.3062,25.1,"Flow 5"
3.62973,25.1,"Flow 6"
80.3062,25.1,"Flow 7"
3.62973,25.1,"Flow 8"
95.5048,25.2,"Flow 1"
80.3062,25.2,"Flow 2"
4.28402,25.2,"Flow 3"
3.62973,25.2,"Flow 4"
80.3062,25.2,"Flow 5"
3.62973,25.2,"Flow 6"
80.3062,25.2,"Flow 7"
3.62973,25.2,"Flow 8"
95.5048,25.3,"Flow 1"
80.3062,25.3,"Flow 2"
4.28402,25.3,"Flow 3"
3.62973,25.3,"Flow 4"
80.3062,25.3,"Flow 5"
3.62973,25.3,"Flow 6"
80.3062,25.3,"Flow 7"
3.62973,25.3,"Flow 8"
95.5048,25.4,"Flow 1"
80.3062,25.4,"Flow 2"
4.28402,25.4,"Flow 3"
3.62973,25.4,"Flow 4"
80.3062,25.4,"Flow 5"
3.62973,25.4,"Flow 6"
80.3062,25.4,"Flow 7"
3.62973,25.4,"Flow 8"
95.5048,25.5,"Flow 1"
80.3062,25.5,"Flow 2"
4.28402,25.5,"Flow 3"
3.62973,25.5,"Flow 4"
80.3062,25.5,"Flow 5"
3.62973,25.5,"Flow 6"
80.3062,25.5,"Flow 7"
3.62973,25.5,"Flow 8"
95.5048,25.6,"Flow 1"
80.3062,25.6,"Flow 2"
4.28402,25.6,"Flow 3"
3.62973,25.6,"Flow 4"
80.3062,25.6,"Flow 5"
3.62973,25.6,"Flow 6"
80.3062,25.6,"Flow 7"
3.62973,25.6,"Flow 8"
95.5048,25.7,"Flow 1"
80.3062,25.7,"Flow 2"
4.28402,25.7,"Flow 3"
3.62973,25.7,"Flow 4"
80.3062,25.7,"Flow 5"
3.62973,25.7,"Flow 6"
80.3062,25.7,"Flow 7"
3.62973,25.7,"Flow 8"
95.5048,25.8,"Flow 1"
80.3062,25.8,"Flow 2"
4.28402,25.8,"Flow 3"
3.62973,25.8,"Flow 4"
80.3062,25.8,"Flow 5"
3.62973,25.8,"Flow 6"
80.3062,25.8,"Flow 7"
3.62973,25.8,"Flow 8"
95.5048,25.9,"Flow 1"
80.3062,25.9,"Flow 2"
4.28402,25.9,"Flow 3"
3.62973,25.9,"Flow 4"
80.3062,25.9,"Flow 5"
3.62973,25.9,"Flow 6"
80.3062,25.9,"Flow 7"
3.62973,25.9,"Flow 8"
95.5048,26,"Flow 1"
80.3062,26,"Flow 2"
4.28402,26,"Flow 3"
3.62973,26,"Flow 4"
80.3062,26,"Flow 5"
3.62973,26,"Flow 6"
80.3062,26,"Flow 7"
3.62973,26,"Flow 8"
95.5048,26.1,"Flow 1"
80.3062,26.1,"Flow 2"
4.28402,26.1,"Flow 3"
3.62973,26.1,"Flow 4"
80.3062,26.1,"Flow 5"
3.62973,26.1,"Flow 6"
80.3062,26.1,"Flow 7"
3.62973,26.1,"Flow 8"
95.5048,26.2,"Flow 1"
80.3062,26.2,"Flow 2"
4.28402,26.2,"Flow 3"
3.62973,26.2,"Flow 4"
80.3062,26.2,"Flow 5"
3.62973,26.2,"Flow 6"
80.3062,26.2,"Flow 7"
3.62973,26.2,"Flow 8"
95.5048,26.3,"Flow 1"
80.3062,26.3,"Flow 2"
4.28402,26.3,"Flow 3"
3.62973,26.3,"Flow 4"
80.3062,26.3,"Flow 5"
3.62973,26.3,"Flow 6"
80.3062,26.3,"Flow 7"
3.62973,26.3,"Flow 8"
95.5048,26.4,"Flow 1"
80.3062,26.4,"Flow 2"
4.28402,26.4,"Flow 3"
3.62973,26.4,"Flow 4"
80.3062,26.4,"Flow 5"
3.62973,26.4,"Flow 6"
80.3062,26.4,"Flow 7"
3.62973,26.4,"Flow 8"
95.5048,26.5,"Flow 1"
80.3062,26.5,"Flow 2"
4.28402,26.5,"Flow 3"
3.62973,26.5,"Flow 4"
80.3062,26.5,"Flow 5"
3.62973,26.5,"Flow 6"
80.3062,26.5,"Flow 7"
3.62973,26.5,"Flow 8"
95.5048,26.6,"Flow 1"
80.3062,26.6,"Flow 2"
4.28402,26.6,"Flow 3"
3.62973,26.6,"Flow 4"
80.3062,26.6,"Flow 5"
3.62973,26.6,"Flow 6"
80.3062,26.6,"Flow 7"
3.62973,26.6,"Flow 8"
95.5048,26.7,"Flow 1"
80.3062,26.7,"Flow 2"
4.28402,26.7,"Flow 3"
3.62973,26.7,"Flow 4"
80.3062,26.7,"Flow 5"
3.62973,26.7,"Flow 6"
80.3062,26.7,"Flow 7"
3.62973,26.7,"Flow 8"
95.5048,26.8,"Flow 1"
80.3062,26.8,"Flow 2"
4.28402,26.8,"Flow 3"
3.62973,26.8,"Flow 4"
80.3062,26.8,"Flow 5"
3.62973,26.8,"Flow 6"
80.3062,26.8,"Flow 7"
3.62973,26.8,"Flow 8"
95.5048,26.9,"Flow 1"
80.3062,26.9,"Flow 2"
4.28402,26.9,"Flow 3"
3.62973,26.9,"Flow 4"
80.3062,26.9,"Flow 5"
3.62973,26.9,"Flow 6"
80.3062,26.9,"Flow 7"
3.62973,26.9,"Flow 8"
95.5048,27,"Flow 1"
80.3062,27,"Flow 2"
4.28402,27,"Flow 3"
3.62973,27,"Flow 4"
80.3062,27,"Flow 5"
3.62973,27,"Flow 6"
80.3062,27,"Flow 7"
3.62973,27,"Flow 8"
95.5048,27.1,"Flow 1"
80.3062,27.1,"Flow 2"
4.28402,27.1,"Flow 3"
3.62973,27.1,"Flow 4"
80.3062,27.1,"Flow 5"
3.62973,27.1,"Flow 6"
80.3062,27.1,"Flow 7"
3.62973,27.1,"Flow 8"
95.5048,27.2,"Flow 1"
80.3062,27.2,"Flow 2"
4.28402,27.2,"Flow 3"
3.62973,27.2,"Flow 4"
80.3062,27.2,"Flow 5"
3.62973,27.2,"Flow 6"
80.3062,27.2,"Flow 7"
3.62973,27.2,"Flow 8"
95.5048,27.3,"Flow 1"
80.3062,27.3,"Flow 2"
4.28402,27.3,"Flow 3"
3.62973,27.3,"Flow 4"
80.3062,27.3,"Flow 5"
3.62973,27.3,"Flow 6"
80.3062,27.3,"Flow 7"
3.62973,27.3,"Flow 8"
95.5048,27.4,"Flow 1"
80.3062,27.4,"Flow 2"
4.28402,27.4,"Flow 3"
3.62973,27.4,"Flow 4"
80.3062,27.4,"Flow 5"
3.62973,27.4,"Flow 6"
80.3062,27.4,"Flow 7"
3.62973,27.4,"Flow 8"
95.5048,27.5,"Flow 1"
80.3062,27.5,"Flow 2"
4.28402,27.5,"Flow 3"
3.62973,27.5,"Flow 4"
80.3062,27.5,"Flow 5"
3.62973,27.5,"Flow 6"
80.3062,27.5,"Flow 7"
3.62973,27.5,"Flow 8"
95.5048,27.6,"Flow 1"
80.3062,27.6,"Flow 2"
4.28402,27.6,"Flow 3"
3.62973,27.6,"Flow 4"
80.3062,27.6,"Flow 5"
3.62973,27.6,"Flow 6"
80.3062,27.6,"Flow 7"
3.62973,27.6,"Flow 8"
95.5048,27.7,"Flow 1"
80.3062,27.7,"Flow 2"
4.28402,27.7,"Flow 3"
3.62973,27.7,"Flow 4"
80.3062,27.7,"Flow 5"
3.62973,27.7,"Flow 6"
80.3062,27.7,"Flow 7"
3.62973,27.7,"Flow 8"
95.5048,27.8,"Flow 1"
80.3062,27.8,"Flow 2"
4.28402,27.8,"Flow 3"
3.62973,27.8,"Flow 4"
80.3062,27.8,"Flow 5"
3.62973,27.8,"Flow 6"
80.3062,27.8,"Flow 7"
3.62973,27.8,"Flow 8"
95.5048,27.9,"Flow 1"
80.3062,27.9,"Flow 2"
4.28402,27.9,"Flow 3"
3.62973,27.9,"Flow 4"
80.3062,27.9,"Flow 5"
3.62973,27.9,"Flow 6"
80.3062,27.9,"Flow 7"
3.62973,27.9,"Flow 8"
95.5048,28,"Flow 1"
80.3062,28,"Flow 2"
4.28402,28,"Flow 3"
3.62973,28,"Flow 4"
80.3062,28,"Flow 5"
3.62973,28,"Flow 6"
80.3062,28,"Flow 7"
3.62973,28,"Flow 8"
95.5048,28.1,"Flow 1"
80.3062,28.1,"Flow 2"
4.28402,28.1,"Flow 3"
3.62973,28.1,"Flow 4"
80.3062,28.1,"Flow 5"
3.62973,28.1,"Flow 6"
80.3062,28.1,"Flow 7"
3.62973,28.1,"Flow 8"
95.5048,28.2,"Flow 1"
80.3062,28.2,"Flow 2"
4.28402,28.2,"Flow 3"
3.62973,28.2,"Flow 4"
80.3062,28.2,"Flow 5"
3.62973,28.2,"Flow 6"
80.3062,28.2,"Flow 7"
3.62973,28.2,"Flow 8"
95.5048,28.3,"Flow 1"
80.3062,28.3,"Flow 2"
4.28402,28.3,"Flow 3"
3.62973,28.3,"Flow 4"
80.3062,28.3,"Flow 5"
3.62973,28.3,"Flow 6"
80.3062,28.3,"Flow 7"
3.62973,28.3,"Flow 8"
95.5048,28.4,"Flow 1"
80.3062,28.4,"Flow 2"
4.28402,28.4,"Flow 3"
3.62973,28.4,"Flow 4"
80.3062,28.4,"Flow 5"
3.62973,28.4,"Flow 6"
80.3062,28.4,"Flow 7"
3.62973,28.4,"Flow 8"
95.5048,28.5,"Flow 1"
80.3062,28.5,"Flow 2"
4.28402,28.5,"Flow 3"
3.62973,28.5,"Flow 4"
80.3062,28.5,"Flow 5"
3.62973,28.5,"Flow 6"
80.3062,28.5,"Flow 7"
3.62973,28.5,"Flow 8"
95.5048,28.6,"Flow 1"
80.3062,28.6,"Flow 2"
4.28402,28.6,"Flow 3"
3.62973,28.6,"Flow 4"
80.3062,28.6,"Flow 5"
3.62973,28.6,"Flow 6"
80.3062,28.6,"Flow 7"
3.62973,28.6,"Flow 8"
95.5048,28.7,"Flow 1"
80.3062,28.7,"Flow 2"
4.28402,28.7,"Flow 3"
3.62973,28.7,"Flow 4"
80.3062,28.7,"Flow 5"
3.62973,28.7,"Flow 6"
80.3062,28.7,"Flow 7"
3.62973,28.7,"Flow 8"
95.5048,28.8,"Flow 1"
80.3062,28.8,"Flow 2"
4.28402,28.8,"Flow 3"
3.62973,28.8,"Flow 4"
80.3062,28.8,"Flow 5"
3.62973,28.8,"Flow 6"
80.3062,28.8,"Flow 7"
3.62973,28.8,"Flow 8"
95.5048,28.9,"Flow 1"
80.3062,28.9,"Flow 2"
4.28402,28.9,"Flow 3"
3.62973,28.9,"Flow 4"
80.3062,28.9,"Flow 5"
3.62973,28.9,"Flow 6"
80.3062,28.9,"Flow 7"
3.62973,28.9,"Flow 8"
95.5048,29,"Flow 1"
80.3062,29,"Flow 2"
4.28402,29,"Flow 3"
3.62973,29,"Flow 4"
80.3062,29,"Flow 5"
3.62973,29,"Flow 6"
80.3062,29,"Flow 7"
3.62973,29,"Flow 8"
95.5048,29.1,"Flow 1"
80.3062,29.1,"Flow 2"
4.28402,29.1,"Flow 3"
3.62973,29.1,"Flow 4"
80.3062,29.1,"Flow 5"
3.62973,29.1,"Flow 6"
80.3062,29.1,"Flow 7"
3.62973,29.1,"Flow 8"
95.5048,29.2,"Flow 1"
80.3062,29.2,"Flow 2"
4.28402,29.2,"Flow 3"
3.62973,29.2,"Flow 4"
80.3062,29.2,"Flow 5"
3.62973,29.2,"Flow 6"
80.3062,29.2,"Flow 7"
3.62973,29.2,"Flow 8"
95.5048,29.3,"Flow 1"
80.3062,29.3,"Flow 2"
4.28402,29.3,"Flow 3"
3.62973,29.3,"Flow 4"
80.3062,29.3,"Flow 5"
3.62973,29.3,"Flow 6"
80.3062,29.3,"Flow 7"
3.62973,29.3,"Flow 8"
95.5048,29.4,"Flow 1"
80.3062,29.4,"Flow 2"
4.28402,29.4,"Flow 3"
3.62973,29.4,"Flow 4"
80.3062,29.4,"Flow 5"
3.62973,29.4,"Flow 6"
80.3062,29.4,"Flow 7"
3.62973,29.4,"Flow 8"
95.5048,29.5,"Flow 1"
80.3062,29.5,"Flow 2"
4.28402,29.5,"Flow 3"
3.62973,29.5,"Flow 4"
80.3062,29.5,"Flow 5"
3.62973,29.5,"Flow 6"
80.3062,29.5,"Flow 7"
3.62973,29.5,"Flow 8"
95.5048,29.6,"Flow 1"
80.3062,29.6,"Flow 2"
4.28402,29.6,"Flow 3"
3.62973,29.6,"Flow 4"
80.3062,29.6,"Flow 5"
3.62973,29.6,"Flow 6"
80.3062,29.6,"Flow 7"
3.62973,29.6,"Flow 8"
95.5048,29.7,"Flow 1"
80.3062,29.7,"Flow 2"
4.28402,29.7,"Flow 3"
3.62973,29.7,"Flow 4"
80.3062,29.7,"Flow 5"
3.62973,29.7,"Flow 6"
80.3062,29.7,"Flow 7"
3.62973,29.7,"Flow 8"
95.5048,29.8,"Flow 1"
80.3062,29.8,"Flow 2"
4.28402,29.8,"Flow 3"
3.62973,29.8,"Flow 4"
80.3062,29.8,"Flow 5"
3.62973,29.8,"Flow 6"
80.3062,29.8,"Flow 7"
3.62973,29.8,"Flow 8"
95.5048,29.9,"Flow 1"
80.3062,29.9,"Flow 2"
4.28402,29.9,"Flow 3"
3.62973,29.9,"Flow 4"
80.3062,29.9,"Flow 5"
3.62973,29.9,"Flow 6"
80.3062,29.9,"Flow 7"
3.62973,29.9,"Flow 8"
95.5048,30,"Flow 1"
80.3062,30,"Flow 2"
4.28402,30,"Flow 3"
3.62973,30,"Flow 4"
80.3062,30,"Flow 5"
3.62973,30,"Flow 6"
80.3062,30,"Flow 7"
3.62973,30,"Flow 8"
95.5048,30.1,"Flow 1"
80.3062,30.1,"Flow 2"
4.28402,30.1,"Flow 3"
3.62973,30.1,"Flow 4"
80.3062,30.1,"Flow 5"
3.62973,30.1,"Flow 6"
80.3062,30.1,"Flow 7"
3.62973,30.1,"Flow 8"
95.5048,30.2,"Flow 1"
80.3062,30.2,"Flow 2"
4.28402,30.2,"Flow 3"
3.62973,30.2,"Flow 4"
80.3062,30.2,"Flow 5"
3.62973,30.2,"Flow 6"
80.3062,30.2,"Flow 7"
3.62973,30.2,"Flow 8"
95.5048,30.3,"Flow 1"
80.3062,30.3,"Flow 2"
4.28402,30.3,"Flow 3"
3.62973,30.3,"Flow 4"
80.3062,30.3,"Flow 5"
3.62973,30.3,"Flow 6"
80.3062,30.3,"Flow 7"
3.62973,30.3,"Flow 8"
95.5048,30.4,"Flow 1"
80.3062,30.4,"Flow 2"
4.28402,30.4,"Flow 3"
3.62973,30.4,"Flow 4"
80.3062,30.4,"Flow 5"
3.62973,30.4,"Flow 6"
80.3062,30.4,"Flow 7"
3.62973,30.4,"Flow 8"
95.5048,30.5,"Flow 1"
80.3062,30.5,"Flow 2"
4.28402,30.5,"Flow 3"
3.62973,30.5,"Flow 4"
80.3062,30.5,"Flow 5"
3.62973,30.5,"Flow 6"
80.3062,30.5,"Flow 7"
3.62973,30.5,"Flow 8"
95.5048,30.6,"Flow 1"
80.3062,30.6,"Flow 2"
4.28402,30.6,"Flow 3"
3.62973,30.6,"Flow 4"
80.3062,30.6,"Flow 5"
3.62973,30.6,"Flow 6"
80.3062,30.6,"Flow 7"
3.62973,30.6,"Flow 8"
95.5048,30.7,"Flow 1"
80.3062,30.7,"Flow 2"
4.28402,30.7,"Flow 3"
3.62973,30.7,"Flow 4"
80.3062,30.7,"Flow 5"
3.62973,30.7,"Flow 6"
80.3062,30.7,"Flow 7"
3.62973,30.7,"Flow 8"
95.5048,30.8,"Flow 1"
80.3062,30.8,"Flow 2"
4.28402,30.8,"Flow 3"
3.62973,30.8,"Flow 4"
80.3062,30.8,"Flow 5"
3.62973,30.8,"Flow 6"
80.3062,30.8,"Flow 7"
3.62973,30.8,"Flow 8"
95.5048,30.9,"Flow 1"
80.3062,30.9,"Flow 2"
4.28402,30.9,"Flow 3"
3.62973,30.9,"Flow 4"
80.3062,30.9,"Flow 5"
3.62973,30.9,"Flow 6"
80.3062,30.9,"Flow 7"
3.62973,30.9,"Flow 8"
95.5048,31,"Flow 1"
80.3062,31,"Flow 2"
4.28402,31,"Flow 3"
3.62973,31,"Flow 4"
80.3062,31,"Flow 5"
3.62973,31,"Flow 6"
80.3062,31,"Flow 7"
3.62973,31,"Flow 8"
95.5048,31.1,"Flow 1"
80.3062,31.1,"Flow 2"
4.28402,31.1,"Flow 3"
3.62973,31.1,"Flow 4"
80.3062,31.1,"Flow 5"
3.62973,31.1,"Flow 6"
80.3062,31.1,"Flow 7"
3.62973,31.1,"Flow 8"
95.5048,31.2,"Flow 1"
80.3062,31.2,"Flow 2"
4.28402,31.2,"Flow 3"
3.62973,31.2,"Flow 4"
80.3062,31.2,"Flow 5"
3.62973,31.2,"Flow 6"
80.3062,31.2,"Flow 7"
3.62973,31.2,"Flow 8"
95.5048,31.3,"Flow 1"
80.3062,31.3,"Flow 2"
4.28402,31.3,"Flow 3"
3.62973,31.3,"Flow 4"
80.3062,31.3,"Flow 5"
3.62973,31.3,"Flow 6"
80.3062,31.3,"Flow 7"
3.62973,31.3,"Flow 8"
95.5048,31.4,"Flow 1"
80.3062,31.4,"Flow 2"
4.28402,31.4,"Flow 3"
3.62973,31.4,"Flow 4"
80.3062,31.4,"Flow 5"
3.62973,31.4,"Flow 6"
80.3062,31.4,"Flow 7"
3.62973,31.4,"Flow 8"
95.5048,31.5,"Flow 1"
80.3062,31.5,"Flow 2"
4.28402,31.5,"Flow 3"
3.62973,31.5,"Flow 4"
80.3062,31.5,"Flow 5"
3.62973,31.5,"Flow 6"
80.3062,31.5,"Flow 7"
3.62973,31.5,"Flow 8"
95.5048,31.6,"Flow 1"
80.3062,31.6,"Flow 2"
4.28402,31.6,"Flow 3"
3.62973,31.6,"Flow 4"
80.3062,31.6,"Flow 5"
3.62973,31.6,"Flow 6"
80.3062,31.6,"Flow 7"
3.62973,31.6,"Flow 8"
95.5048,31.7,"Flow 1"
80.3062,31.7,"Flow 2"
4.28402,31.7,"Flow 3"
3.62973,31.7,"Flow 4"
80.3062,31.7,"Flow 5"
3.62973,31.7,"Flow 6"
80.3062,31.7,"Flow 7"
3.62973,31.7,"Flow 8"
95.5048,31.8,"Flow 1"
80.3062,31.8,"Flow 2"
4.28402,31.8,"Flow 3"
3.62973,31.8,"Flow 4"
80.3062,31.8,"Flow 5"
3.62973,31.8,"Flow 6"
80.3062,31.8,"Flow 7"
3.62973,31.8,"Flow 8"
95.5048,31.9,"Flow 1"
80.3062,31.9,"Flow 2"
4.28402,31.9,"Flow 3"
3.62973,31.9,"Flow 4"
80.3062,31.9,"Flow 5"
3.62973,31.9,"Flow 6"
80.3062,31.9,"Flow 7"
3.62973,31.9,"Flow 8"
95.5048,32,"Flow 1"
80.3062,32,"Flow 2"
4.28402,32,"Flow 3"
3.62973,32,"Flow 4"
80.3062,32,"Flow 5"
3.62973,32,"Flow 6"
80.3062,32,"Flow 7"
3.62973,32,"Flow 8"
95.5048,32.1,"Flow 1"
80.3062,32.1,"Flow 2"
4.28402,32.1,"Flow 3"
3.62973,32.1,"Flow 4"
80.3062,32.1,"Flow 5"
3.62973,32.1,"Flow 6"
80.3062,32.1,"Flow 7"
3.62973,32.1,"Flow 8"
95.5048,32.2,"Flow 1"
80.3062,32.2,"Flow 2"
4.28402,32.2,"Flow 3"
3.62973,32.2,"Flow 4"
80.3062,32.2,"Flow 5"
3.62973,32.2,"Flow 6"
80.3062,32.2,"Flow 7"
3.62973,32.2,"Flow 8"
95.5048,32.3,"Flow 1"
80.3062,32.3,"Flow 2"
4.28402,32.3,"Flow 3"
3.62973,32.3,"Flow 4"
80.3062,32.3,"Flow 5"
3.62973,32.3,"Flow 6"
80.3062,32.3,"Flow 7"
3.62973,32.3,"Flow 8"
95.5048,32.4,"Flow 1"
80.3062,32.4,"Flow 2"
4.28402,32.4,"Flow 3"
3.62973,32.4,"Flow 4"
80.3062,32.4,"Flow 5"
3.62973,32.4,"Flow 6"
80.3062,32.4,"Flow 7"
3.62973,32.4,"Flow 8"
95.5048,32.5,"Flow 1"
80.3062,32.5,"Flow 2"
4.28402,32.5,"Flow 3"
3.62973,32.5,"Flow 4"
80.3062,32.5,"Flow 5"
3.62973,32.5,"Flow 6"
80.3062,32.5,"Flow 7"
3.62973,32.5,"Flow 8"
95.5048,32.6,"Flow 1"
80.3062,32.6,"Flow 2"
4.28402,32.6,"Flow 3"
3.62973,32.6,"Flow 4"
80.3062,32.6,"Flow 5"
3.62973,32.6,"Flow 6"
80.3062,32.6,"Flow 7"
3.62973,32.6,"Flow 8"
95.5048,32.7,"Flow 1"
80.3062,32.7,"Flow 2"
4.28402,32.7,"Flow 3"
3.62973,32.7,"Flow 4"
80.3062,32.7,"Flow 5"
3.62973,32.7,"Flow 6"
80.3062,32.7,"Flow 7"
3.62973,32.7,"Flow 8"
95.5048,32.8,"Flow 1"
80.3062,32.8,"Flow 2"
4.28402,32.8,"Flow 3"
3.62973,32.8,"Flow 4"
80.3062,32.8,"Flow 5"
3.62973,32.8,"Flow 6"
80.3062,32.8,"Flow 7"
3.62973,32.8,"Flow 8"
95.5048,32.9,"Flow 1"
80.3062,32.9,"Flow 2"
4.28402,32.9,"Flow 3"
3.62973,32.9,"Flow 4"
80.3062,32.9,"Flow 5"
3.62973,32.9,"Flow 6"
80.3062,32.9,"Flow 7"
3.62973,32.9,"Flow 8"
95.5048,33,"Flow 1"
80.3062,33,"Flow 2"
4.28402,33,"Flow 3"
3.62973,33,"Flow 4"
80.3062,33,"Flow 5"
3.62973,33,"Flow 6"
80.3062,33,"Flow 7"
3.62973,33,"Flow 8"
95.5048,33.1,"Flow 1"
80.3062,33.1,"Flow 2"
4.28402,33.1,"Flow 3"
3.62973,33.1,"Flow 4"
80.3062,33.1,"Flow 5"
3.62973,33.1,"Flow 6"
80.3062,33.1,"Flow 7"
3.62973,33.1,"Flow 8"
95.5048,33.2,"Flow 1"
80.3062,33.2,"Flow 2"
4.28402,33.2,"Flow 3"
3.62973,33.2,"Flow 4"
80.3062,33.2,"Flow 5"
3.62973,33.2,"Flow 6"
80.3062,33.2,"Flow 7"
3.62973,33.2,"Flow 8"
95.5048,33.3,"Flow 1"
80.3062,33.3,"Flow 2"
4.28402,33.3,"Flow 3"
3.62973,33.3,"Flow 4"
80.3062,33.3,"Flow 5"
3.62973,33.3,"Flow 6"
80.3062,33.3,"Flow 7"
3.62973,33.3,"Flow 8"
95.5048,33.4,"Flow 1"
80.3062,33.4,"Flow 2"
4.28402,33.4,"Flow 3"
3.62973,33.4,"Flow 4"
80.3062,33.4,"Flow 5"
3.62973,33.4,"Flow 6"
80.3062,33.4,"Flow 7"
3.62973,33.4,"Flow 8"
95.5048,33.5,"Flow 1"
80.3062,33.5,"Flow 2"
4.28402,33.5,"Flow 3"
3.62973,33.5,"Flow 4"
80.3062,33.5,"Flow 5"
3.62973,33.5,"Flow 6"
80.3062,33.5,"Flow 7"
3.62973,33.5,"Flow 8"
95.5048,33.6,"Flow 1"
80.3062,33.6,"Flow 2"
4.28402,33.6,"Flow 3"
3.62973,33.6,"Flow 4"
80.3062,33.6,"Flow 5"
3.62973,33.6,"Flow 6"
80.3062,33.6,"Flow 7"
3.62973,33.6,"Flow 8"
95.5048,33.7,"Flow 1"
80.3062,33.7,"Flow 2"
4.28402,33.7,"Flow 3"
3.62973,33.7,"Flow 4"
80.3062,33.7,"Flow 5"
3.62973,33.7,"Flow 6"
80.3062,33.7,"Flow 7"
3.62973,33.7,"Flow 8"
95.5048,33.8,"Flow 1"
80.3062,33.8,"Flow 2"
4.28402,33.8,"Flow 3"
3.62973,33.8,"Flow 4"
80.3062,33.8,"Flow 5"
3.62973,33.8,"Flow 6"
80.3062,33.8,"Flow 7"
3.62973,33.8,"Flow 8"
95.5048,33.9,"Flow 1"
80.3062,33.9,"Flow 2"
4.28402,33.9,"Flow 3"
3.62973,33.9,"Flow 4"
80.3062,33.9,"Flow 5"
3.62973,33.9,"Flow 6"
80.3062,33.9,"Flow 7"
3.62973,33.9,"Flow 8"
95.5048,34,"Flow 1"
80.3062,34,"Flow 2"
4.28402,34,"Flow 3"
3.62973,34,"Flow 4"
80.3062,34,"Flow 5"
3.62973,34,"Flow 6"
80.3062,34,"Flow 7"
3.62973,34,"Flow 8"
95.5048,34.1,"Flow 1"
80.3062,34.1,"Flow 2"
4.28402,34.1,"Flow 3"
3.62973,34.1,"Flow 4"
80.3062,34.1,"Flow 5"
3.62973,34.1,"Flow 6"
80.3062,34.1,"Flow 7"
3.62973,34.1,"Flow 8"
95.5048,34.2,"Flow 1"
80.3062,34.2,"Flow 2"
4.28402,34.2,"Flow 3"
3.62973,34.2,"Flow 4"
80.3062,34.2,"Flow 5"
3.62973,34.2,"Flow 6"
80.3062,34.2,"Flow 7"
3.62973,34.2,"Flow 8"
95.5048,34.3,"Flow 1"
80.3062,34.3,"Flow 2"
4.28402,34.3,"Flow 3"
3.62973,34.3,"Flow 4"
80.3062,34.3,"Flow 5"
3.62973,34.3,"Flow 6"
80.3062,34.3,"Flow 7"
3.62973,34.3,"Flow 8"
95.5048,34.4,"Flow 1"
80.3062,34.4,"Flow 2"
4.28402,34.4,"Flow 3"
3.62973,34.4,"Flow 4"
80.3062,34.4,"Flow 5"
3.62973,34.4,"Flow 6"
80.3062,34.4,"Flow 7"
3.62973,34.4,"Flow 8"
95.5048,34.5,"Flow 1"
80.3062,34.5,"Flow 2"
4.28402,34.5,"Flow 3"
3.62973,34.5,"Flow 4"
80.3062,34.5,"Flow 5"
3.62973,34.5,"Flow 6"
80.3062,34.5,"Flow 7"
3.62973,34.5,"Flow 8"
95.5048,34.6,"Flow 1"
80.3062,34.6,"Flow 2"
4.28402,34.6,"Flow 3"
3.62973,34.6,"Flow 4"
80.3062,34.6,"Flow 5"
3.62973,34.6,"Flow 6"
80.3062,34.6,"Flow 7"
3.62973,34.6,"Flow 8"
95.5048,34.7,"Flow 1"
80.3062,34.7,"Flow 2"
4.28402,34.7,"Flow 3"
3.62973,34.7,"Flow 4"
80.3062,34.7,"Flow 5"
3.62973,34.7,"Flow 6"
80.3062,34.7,"Flow 7"
3.62973,34.7,"Flow 8"
95.5048,34.8,"Flow 1"
80.3062,34.8,"Flow 2"
4.28402,34.8,"Flow 3"
3.62973,34.8,"Flow 4"
80.3062,34.8,"Flow 5"
3.62973,34.8,"Flow 6"
80.3062,34.8,"Flow 7"
3.62973,34.8,"Flow 8"
95.5048,34.9,"Flow 1"
80.3062,34.9,"Flow 2"
4.28402,34.9,"Flow 3"
3.62973,34.9,"Flow 4"
80.3062,34.9,"Flow 5"
3.62973,34.9,"Flow 6"
80.3062,34.9,"Flow 7"
3.62973,34.9,"Flow 8"
95.5048,35,"Flow 1"
80.3062,35,"Flow 2"
4.28402,35,"Flow 3"
3.62973,35,"Flow 4"
80.3062,35,"Flow 5"
3.62973,35,"Flow 6"
80.3062,35,"Flow 7"
3.62973,35,"Flow 8"
95.5048,35.1,"Flow 1"
80.3062,35.1,"Flow 2"
4.28402,35.1,"Flow 3"
3.62973,35.1,"Flow 4"
80.3062,35.1,"Flow 5"
3.62973,35.1,"Flow 6"
80.3062,35.1,"Flow 7"
3.62973,35.1,"Flow 8"
95.5048,35.2,"Flow 1"
80.3062,35.2,"Flow 2"
4.28402,35.2,"Flow 3"
3.62973,35.2,"Flow 4"
80.3062,35.2,"Flow 5"
3.62973,35.2,"Flow 6"
80.3062,35.2,"Flow 7"
3.62973,35.2,"Flow 8"
95.5048,35.3,"Flow 1"
80.3062,35.3,"Flow 2"
4.28402,35.3,"Flow 3"
3.62973,35.3,"Flow 4"
80.3062,35.3,"Flow 5"
3.62973,35.3,"Flow 6"
80.3062,35.3,"Flow 7"
3.62973,35.3,"Flow 8"
95.5048,35.4,"Flow 1"
80.3062,35.4,"Flow 2"
4.28402,35.4,"Flow 3"
3.62973,35.4,"Flow 4"
80.3062,35.4,"Flow 5"
3.62973,35.4,"Flow 6"
80.3062,35.4,"Flow 7"
3.62973,35.4,"Flow 8"
95.5048,35.5,"Flow 1"
80.3062,35.5,"Flow 2"
4.28402,35.5,"Flow 3"
3.62973,35.5,"Flow 4"
80.3062,35.5,"Flow 5"
3.62973,35.5,"Flow 6"
80.3062,35.5,"Flow 7"
3.62973,35.5,"Flow 8"
95.5048,35.6,"Flow 1"
80.3062,35.6,"Flow 2"
4.28402,35.6,"Flow 3"
3.62973,35.6,"Flow 4"
80.3062,35.6,"Flow 5"
3.62973,35.6,"Flow 6"
80.3062,35.6,"Flow 7"
3.62973,35.6,"Flow 8"
95.5048,35.7,"Flow 1"
80.3062,35.7,"Flow 2"
4.28402,35.7,"Flow 3"
3.62973,35.7,"Flow 4"
80.3062,35.7,"Flow 5"
3.62973,35.7,"Flow 6"
80.3062,35.7,"Flow 7"
3.62973,35.7,"Flow 8"
95.5048,35.8,"Flow 1"
80.3062,35.8,"Flow 2"
4.28402,35.8,"Flow 3"
3.62973,35.8,"Flow 4"
80.3062,35.8,"Flow 5"
3.62973,35.8,"Flow 6"
80.3062,35.8,"Flow 7"
3.62973,35.8,"Flow 8"
95.5048,35.9,"Flow 1"
80.3062,35.9,"Flow 2"
4.28402,35.9,"Flow 3"
3.62973,35.9,"Flow 4"
80.3062,35.9,"Flow 5"
3.62973,35.9,"Flow 6"
80.3062,35.9,"Flow 7"
3.62973,35.9,"Flow 8"
95.5048,36,"Flow 1"
80.3062,36,"Flow 2"
4.28402,36,"Flow 3"
3.62973,36,"Flow 4"
80.3062,36,"Flow 5"
3.62973,36,"Flow 6"
80.3062,36,"Flow 7"
3.62973,36,"Flow 8"
95.5048,36.1,"Flow 1"
80.3062,36.1,"Flow 2"
4.28402,36.1,"Flow 3"
3.62973,36.1,"Flow 4"
80.3062,36.1,"Flow 5"
3.62973,36.1,"Flow 6"
80.3062,36.1,"Flow 7"
3.62973,36.1,"Flow 8"
95.5048,36.2,"Flow 1"
80.3062,36.2,"Flow 2"
4.28402,36.2,"Flow 3"
3.62973,36.2,"Flow 4"
80.3062,36.2,"Flow 5"
3.62973,36.2,"Flow 6"
80.3062,36.2,"Flow 7"
3.62973,36.2,"Flow 8"
95.5048,36.3,"Flow 1"
80.3062,36.3,"Flow 2"
4.28402,36.3,"Flow 3"
3.62973,36.3,"Flow 4"
80.3062,36.3,"Flow 5"
3.62973,36.3,"Flow 6"
80.3062,36.3,"Flow 7"
3.62973,36.3,"Flow 8"
95.5048,36.4,"Flow 1"
80.3062,36.4,"Flow 2"
4.28402,36.4,"Flow 3"
3.62973,36.4,"Flow 4"
80.3062,36.4,"Flow 5"
3.62973,36.4,"Flow 6"
80.3062,36.4,"Flow 7"
3.62973,36.4,"Flow 8"
95.5048,36.5,"Flow 1"
80.3062,36.5,"Flow 2"
4.28402,36.5,"Flow 3"
3.62973,36.5,"Flow 4"
80.3062,36.5,"Flow 5"
3.62973,36.5,"Flow 6"
80.3062,36.5,"Flow 7"
3.62973,36.5,"Flow 8"
95.5048,36.6,"Flow 1"
80.3062,36.6,"Flow 2"
4.28402,36.6,"Flow 3"
3.62973,36.6,"Flow 4"
80.3062,36.6,"Flow 5"
3.62973,36.6,"Flow 6"
80.3062,36.6,"Flow 7"
3.62973,36.6,"Flow 8"
95.5048,36.7,"Flow 1"
80.3062,36.7,"Flow 2"
4.28402,36.7,"Flow 3"
3.62973,36.7,"Flow 4"
80.3062,36.7,"Flow 5"
3.62973,36.7,"Flow 6"
80.3062,36.7,"Flow 7"
3.62973,36.7,"Flow 8"
95.5048,36.8,"Flow 1"
80.3062,36.8,"Flow 2"
4.28402,36.8,"Flow 3"
3.62973,36.8,"Flow 4"
80.3062,36.8,"Flow 5"
3.62973,36.8,"Flow 6"
80.3062,36.8,"Flow 7"
3.62973,36.8,"Flow 8"
95.5048,36.9,"Flow 1"
80.3062,36.9,"Flow 2"
4.28402,36.9,"Flow 3"
3.62973,36.9,"Flow 4"
80.3062,36.9,"Flow 5"
3.62973,36.9,"Flow 6"
80.3062,36.9,"Flow 7"
3.62973,36.9,"Flow 8"
95.5048,37,"Flow 1"
80.3062,37,"Flow 2"
4.28402,37,"Flow 3"
3.62973,37,"Flow 4"
80.3062,37,"Flow 5"
3.62973,37,"Flow 6"
80.3062,37,"Flow 7"
3.62973,37,"Flow 8"
95.5048,37.1,"Flow 1"
80.3062,37.1,"Flow 2"
4.28402,37.1,"Flow 3"
3.62973,37.1,"Flow 4"
80.3062,37.1,"Flow 5"
3.62973,37.1,"Flow 6"
80.3062,37.1,"Flow 7"
3.62973,37.1,"Flow 8"
95.5048,37.2,"Flow 1"
80.3062,37.2,"Flow 2"
4.28402,37.2,"Flow 3"
3.62973,37.2,"Flow 4"
80.3062,37.2,"Flow 5"
3.62973,37.2,"Flow 6"
80.3062,37.2,"Flow 7"
3.62973,37.2,"Flow 8"
95.5048,37.3,"Flow 1"
80.3062,37.3,"Flow 2"
4.28402,37.3,"Flow 3"
3.62973,37.3,"Flow 4"
80.3062,37.3,"Flow 5"
3.62973,37.3,"Flow 6"
80.3062,37.3,"Flow 7"
3.62973,37.3,"Flow 8"
95.5048,37.4,"Flow 1"
80.3062,37.4,"Flow 2"
4.28402,37.4,"Flow 3"
3.62973,37.4,"Flow 4"
80.3062,37.4,"Flow 5"
3.62973,37.4,"Flow 6"
80.3062,37.4,"Flow 7"
3.62973,37.4,"Flow 8"
95.5048,37.5,"Flow 1"
80.3062,37.5,"Flow 2"
4.28402,37.5,"Flow 3"
3.62973,37.5,"Flow 4"
80.3062,37.5,"Flow 5"
3.62973,37.5,"Flow 6"
80.3062,37.5,"Flow 7"
3.62973,37.5,"Flow 8"
95.5048,37.6,"Flow 1"
80.3062,37.6,"Flow 2"
4.28402,37.6,"Flow 3"
3.62973,37.6,"Flow 4"
80.3062,37.6,"Flow 5"
3.62973,37.6,"Flow 6"
80.3062,37.6,"Flow 7"
3.62973,37.6,"Flow 8"
95.5048,37.7,"Flow 1"
80.3062,37.7,"Flow 2"
4.28402,37.7,"Flow 3"
3.62973,37.7,"Flow 4"
80.3062,37.7,"Flow 5"
3.62973,37.7,"Flow 6"
80.3062,37.7,"Flow 7"
3.62973,37.7,"Flow 8"
95.5048,37.8,"Flow 1"
80.3062,37.8,"Flow 2"
4.28402,37.8,"Flow 3"
3.62973,37.8,"Flow 4"
80.3062,37.8,"Flow 5"
3.62973,37.8,"Flow 6"
80.3062,37.8,"Flow 7"
3.62973,37.8,"Flow 8"
95.5048,37.9,"Flow 1"
80.3062,37.9,"Flow 2"
4.28402,37.9,"Flow 3"
3.62973,37.9,"Flow 4"
80.3062,37.9,"Flow 5"
3.62973,37.9,"Flow 6"
80.3062,37.9,"Flow 7"
3.62973,37.9,"Flow 8"
95.5048,38,"Flow 1"
80.3062,38,"Flow 2"
4.28402,38,"Flow 3"
3.62973,38,"Flow 4"
80.3062,38,"Flow 5"
3.62973,38,"Flow 6"
80.3062,38,"Flow 7"
3.62973,38,"Flow 8"
95.5048,38.1,"Flow 1"
80.3062,38.1,"Flow 2"
4.28402,38.1,"Flow 3"
3.62973,38.1,"Flow 4"
80.3062,38.1,"Flow 5"
3.62973,38.1,"Flow 6"
80.3062,38.1,"Flow 7"
3.62973,38.1,"Flow 8"
95.5048,38.2,"Flow 1"
80.3062,38.2,"Flow 2"
4.28402,38.2,"Flow 3"
3.62973,38.2,"Flow 4"
80.3062,38.2,"Flow 5"
3.62973,38.2,"Flow 6"
80.3062,38.2,"Flow 7"
3.62973,38.2,"Flow 8"
95.5048,38.3,"Flow 1"
80.3062,38.3,"Flow 2"
4.28402,38.3,"Flow 3"
3.62973,38.3,"Flow 4"
80.3062,38.3,"Flow 5"
3.62973,38.3,"Flow 6"
80.3062,38.3,"Flow 7"
3.62973,38.3,"Flow 8"
95.5048,38.4,"Flow 1"
80.3062,38.4,"Flow 2"
4.28402,38.4,"Flow 3"
3.62973,38.4,"Flow 4"
80.3062,38.4,"Flow 5"
3.62973,38.4,"Flow 6"
80.3062,38.4,"Flow 7"
3.62973,38.4,"Flow 8"
95.5048,38.5,"Flow 1"
80.3062,38.5,"Flow 2"
4.28402,38.5,"Flow 3"
3.62973,38.5,"Flow 4"
80.3062,38.5,"Flow 5"
3.62973,38.5,"Flow 6"
80.3062,38.5,"Flow 7"
3.62973,38.5,"Flow 8"
95.5048,38.6,"Flow 1"
80.3062,38.6,"Flow 2"
4.28402,38.6,"Flow 3"
3.62973,38.6,"Flow 4"
80.3062,38.6,"Flow 5"
3.62973,38.6,"Flow 6"
80.3062,38.6,"Flow 7"
3.62973,38.6,"Flow 8"
95.5048,38.7,"Flow 1"
80.3062,38.7,"Flow 2"
4.28402,38.7,"Flow 3"
3.62973,38.7,"Flow 4"
80.3062,38.7,"Flow 5"
3.62973,38.7,"Flow 6"
80.3062,38.7,"Flow 7"
3.62973,38.7,"Flow 8"
95.5048,38.8,"Flow 1"
80.3062,38.8,"Flow 2"
4.28402,38.8,"Flow 3"
3.62973,38.8,"Flow 4"
80.3062,38.8,"Flow 5"
3.62973,38.8,"Flow 6"
80.3062,38.8,"Flow 7"
3.62973,38.8,"Flow 8"
95.5048,38.9,"Flow 1"
80.3062,38.9,"Flow 2"
4.28402,38.9,"Flow 3"
3.62973,38.9,"Flow 4"
80.3062,38.9,"Flow 5"
3.62973,38.9,"Flow 6"
80.3062,38.9,"Flow 7"
3.62973,38.9,"Flow 8"
95.5048,39,"Flow 1"
80.3062,39,"Flow 2"
4.28402,39,"Flow 3"
3.62973,39,"Flow 4"
80.3062,39,"Flow 5"
3.62973,39,"Flow 6"
80.3062,39,"Flow 7"
3.62973,39,"Flow 8"
95.5048,39.1,"Flow 1"
80.3062,39.1,"Flow 2"
4.28402,39.1,"Flow 3"
3.62973,39.1,"Flow 4"
80.3062,39.1,"Flow 5"
3.62973,39.1,"Flow 6"
80.3062,39.1,"Flow 7"
3.62973,39.1,"Flow 8"
95.5048,39.2,"Flow 1"
80.3062,39.2,"Flow 2"
4.28402,39.2,"Flow 3"
3.62973,39.2,"Flow 4"
80.3062,39.2,"Flow 5"
3.62973,39.2,"Flow 6"
80.3062,39.2,"Flow 7"
3.62973,39.2,"Flow 8"
95.5048,39.3,"Flow 1"
80.3062,39.3,"Flow 2"
4.28402,39.3,"Flow 3"
3.62973,39.3,"Flow 4"
80.3062,39.3,"Flow 5"
3.62973,39.3,"Flow 6"
80.3062,39.3,"Flow 7"
3.62973,39.3,"Flow 8"
95.5048,39.4,"Flow 1"
80.3062,39.4,"Flow 2"
4.28402,39.4,"Flow 3"
3.62973,39.4,"Flow 4"
80.3062,39.4,"Flow 5"
3.62973,39.4,"Flow 6"
80.3062,39.4,"Flow 7"
3.62973,39.4,"Flow 8"
95.5048,39.5,"Flow 1"
80.3062,39.5,"Flow 2"
4.28402,39.5,"Flow 3"
3.62973,39.5,"Flow 4"
80.3062,39.5,"Flow 5"
3.62973,39.5,"Flow 6"
80.3062,39.5,"Flow 7"
3.62973,39.5,"Flow 8"
95.5048,39.6,"Flow 1"
80.3062,39.6,"Flow 2"
4.28402,39.6,"Flow 3"
3.62973,39.6,"Flow 4"
80.3062,39.6,"Flow 5"
3.62973,39.6,"Flow 6"
80.3062,39.6,"Flow 7"
3.62973,39.6,"Flow 8"
95.5048,39.7,"Flow 1"
80.3062,39.7,"Flow 2"
4.28402,39.7,"Flow 3"
3.62973,39.7,"Flow 4"
80.3062,39.7,"Flow 5"
3.62973,39.7,"Flow 6"
80.3062,39.7,"Flow 7"
3.62973,39.7,"Flow 8"
95.5048,39.8,"Flow 1"
80.3062,39.8,"Flow 2"
4.28402,39.8,"Flow 3"
3.62973,39.8,"Flow 4"
80.3062,39.8,"Flow 5"
3.62973,39.8,"Flow 6"
80.3062,39.8,"Flow 7"
3.62973,39.8,"Flow 8"
95.5048,39.9,"Flow 1"
80.3062,39.9,"Flow 2"
4.28402,39.9,"Flow 3"
3.62973,39.9,"Flow 4"
80.3062,39.9,"Flow 5"
3.62973,39.9,"Flow 6"
80.3062,39.9,"Flow 7"
3.62973,39.9,"Flow 8"
95.5048,40,"Flow 1"
80.3062,40,"Flow 2"
4.28402,40,"Flow 3"
3.62973,40,"Flow 4"
80.3062,40,"Flow 5"
3.62973,40,"Flow 6"
80.3062,40,"Flow 7"
3.62973,40,"Flow 8"
95.5048,40.1,"Flow 1"
80.3062,40.1,"Flow 2"
4.28402,40.1,"Flow 3"
3.62973,40.1,"Flow 4"
80.3062,40.1,"Flow 5"
3.62973,40.1,"Flow 6"
80.3062,40.1,"Flow 7"
3.62973,40.1,"Flow 8"
95.5048,40.2,"Flow 1"
80.3062,40.2,"Flow 2"
4.28402,40.2,"Flow 3"
3.62973,40.2,"Flow 4"
80.3062,40.2,"Flow 5"
3.62973,40.2,"Flow 6"
80.3062,40.2,"Flow 7"
3.62973,40.2,"Flow 8"
95.5048,40.3,"Flow 1"
80.3062,40.3,"Flow 2"
4.28402,40.3,"Flow 3"
3.62973,40.3,"Flow 4"
80.3062,40.3,"Flow 5"
3.62973,40.3,"Flow 6"
80.3062,40.3,"Flow 7"
3.62973,40.3,"Flow 8"
95.5048,40.4,"Flow 1"
80.3062,40.4,"Flow 2"
4.28402,40.4,"Flow 3"
3.62973,40.4,"Flow 4"
80.3062,40.4,"Flow 5"
3.62973,40.4,"Flow 6"
80.3062,40.4,"Flow 7"
3.62973,40.4,"Flow 8"
95.5048,40.5,"Flow 1"
80.3062,40.5,"Flow 2"
4.28402,40.5,"Flow 3"
3.62973,40.5,"Flow 4"
80.3062,40.5,"Flow 5"
3.62973,40.5,"Flow 6"
80.3062,40.5,"Flow 7"
3.62973,40.5,"Flow 8"
95.5048,40.6,"Flow 1"
80.3062,40.6,"Flow 2"
4.28402,40.6,"Flow 3"
3.62973,40.6,"Flow 4"
80.3062,40.6,"Flow 5"
3.62973,40.6,"Flow 6"
80.3062,40.6,"Flow 7"
3.62973,40.6,"Flow 8"
95.5048,40.7,"Flow 1"
80.3062,40.7,"Flow 2"
4.28402,40.7,"Flow 3"
3.62973,40.7,"Flow 4"
80.3062,40.7,"Flow 5"
3.62973,40.7,"Flow 6"
80.3062,40.7,"Flow 7"
3.62973,40.7,"Flow 8"
95.5048,40.8,"Flow 1"
80.3062,40.8,"Flow 2"
4.28402,40.8,"Flow 3"
3.62973,40.8,"Flow 4"
80.3062,40.8,"Flow 5"
3.62973,40.8,"Flow 6"
80.3062,40.8,"Flow 7"
3.62973,40.8,"Flow 8"
95.5048,40.9,"Flow 1"
80.3062,40.9,"Flow 2"
4.28402,40.9,"Flow 3"
3.62973,40.9,"Flow 4"
80.3062,40.9,"Flow 5"
3.62973,40.9,"Flow 6"
80.3062,40.9,"Flow 7"
3.62973,40.9,"Flow 8"
95.5048,41,"Flow 1"
80.3062,41,"Flow 2"
4.28402,41,"Flow 3"
3.62973,41,"Flow 4"
80.3062,41,"Flow 5"
3.62973,41,"Flow 6"
80.3062,41,"Flow 7"
3.62973,41,"Flow 8"
95.5048,41.1,"Flow 1"
80.3062,41.1,"Flow 2"
4.28402,41.1,"Flow 3"
3.62973,41.1,"Flow 4"
80.3062,41.1,"Flow 5"
3.62973,41.1,"Flow 6"
80.3062,41.1,"Flow 7"
3.62973,41.1,"Flow 8"
95.5048,41.2,"Flow 1"
80.3062,41.2,"Flow 2"
4.28402,41.2,"Flow 3"
3.62973,41.2,"Flow 4"
80.3062,41.2,"Flow 5"
3.62973,41.2,"Flow 6"
80.3062,41.2,"Flow 7"
3.62973,41.2,"Flow 8"
95.5048,41.3,"Flow 1"
80.3062,41.3,"Flow 2"
4.28402,41.3,"Flow 3"
3.62973,41.3,"Flow 4"
80.3062,41.3,"Flow 5"
3.62973,41.3,"Flow 6"
80.3062,41.3,"Flow 7"
3.62973,41.3,"Flow 8"
95.5048,41.4,"Flow 1"
80.3062,41.4,"Flow 2"
4.28402,41.4,"Flow 3"
3.62973,41.4,"Flow 4"
80.3062,41.4,"Flow 5"
3.62973,41.4,"Flow 6"
80.3062,41.4,"Flow 7"
3.62973,41.4,"Flow 8"
95.5048,41.5,"Flow 1"
80.3062,41.5,"Flow 2"
4.28402,41.5,"Flow 3"
3.62973,41.5,"Flow 4"
80.3062,41.5,"Flow 5"
3.62973,41.5,"Flow 6"
80.3062,41.5,"Flow 7"
3.62973,41.5,"Flow 8"
95.5048,41.6,"Flow 1"
80.3062,41.6,"Flow 2"
4.28402,41.6,"Flow 3"
3.62973,41.6,"Flow 4"
80.3062,41.6,"Flow 5"
3.62973,41.6,"Flow 6"
80.3062,41.6,"Flow 7"
3.62973,41.6,"Flow 8"
95.5048,41.7,"Flow 1"
80.3062,41.7,"Flow 2"
4.28402,41.7,"Flow 3"
3.62973,41.7,"Flow 4"
80.3062,41.7,"Flow 5"
3.62973,41.7,"Flow 6"
80.3062,41.7,"Flow 7"
3.62973,41.7,"Flow 8"
95.5048,41.8,"Flow 1"
80.3062,41.8,"Flow 2"
4.28402,41.8,"Flow 3"
3.62973,41.8,"Flow 4"
80.3062,41.8,"Flow 5"
3.62973,41.8,"Flow 6"
80.3062,41.8,"Flow 7"
3.62973,41.8,"Flow 8"
95.5048,41.9,"Flow 1"
80.3062,41.9,"Flow 2"
4.28402,41.9,"Flow 3"
3.62973,41.9,"Flow 4"
80.3062,41.9,"Flow 5"
3.62973,41.9,"Flow 6"
80.3062,41.9,"Flow 7"
3.62973,41.9,"Flow 8"
95.5048,42,"Flow 1"
80.3062,42,"Flow 2"
4.28402,42,"Flow 3"
3.62973,42,"Flow 4"
80.3062,42,"Flow 5"
3.62973,42,"Flow 6"
80.3062,42,"Flow 7"
3.62973,42,"Flow 8"
95.5048,42.1,"Flow 1"
80.3062,42.1,"Flow 2"
4.28402,42.1,"Flow 3"
3.62973,42.1,"Flow 4"
80.3062,42.1,"Flow 5"
3.62973,42.1,"Flow 6"
80.3062,42.1,"Flow 7"
3.62973,42.1,"Flow 8"
95.5048,42.2,"Flow 1"
80.3062,42.2,"Flow 2"
4.28402,42.2,"Flow 3"
3.62973,42.2,"Flow 4"
80.3062,42.2,"Flow 5"
3.62973,42.2,"Flow 6"
80.3062,42.2,"Flow 7"
3.62973,42.2,"Flow 8"
95.5048,42.3,"Flow 1"
80.3062,42.3,"Flow 2"
4.28402,42.3,"Flow 3"
3.62973,42.3,"Flow 4"
80.3062,42.3,"Flow 5"
3.62973,42.3,"Flow 6"
80.3062,42.3,"Flow 7"
3.62973,42.3,"Flow 8"
95.5048,42.4,"Flow 1"
80.3062,42.4,"Flow 2"
4.28402,42.4,"Flow 3"
3.62973,42.4,"Flow 4"
80.3062,42.4,"Flow 5"
3.62973,42.4,"Flow 6"
80.3062,42.4,"Flow 7"
3.62973,42.4,"Flow 8"
95.5048,42.5,"Flow 1"
80.3062,42.5,"Flow 2"
4.28402,42.5,"Flow 3"
3.62973,42.5,"Flow 4"
80.3062,42.5,"Flow 5"
3.62973,42.5,"Flow 6"
80.3062,42.5,"Flow 7"
3.62973,42.5,"Flow 8"
95.5048,42.6,"Flow 1"
80.3062,42.6,"Flow 2"
4.28402,42.6,"Flow 3"
3.62973,42.6,"Flow 4"
80.3062,42.6,"Flow 5"
3.62973,42.6,"Flow 6"
80.3062,42.6,"Flow 7"
3.62973,42.6,"Flow 8"
95.5048,42.7,"Flow 1"
80.3062,42.7,"Flow 2"
4.28402,42.7,"Flow 3"
3.62973,42.7,"Flow 4"
80.3062,42.7,"Flow 5"
3.62973,42.7,"Flow 6"
80.3062,42.7,"Flow 7"
3.62973,42.7,"Flow 8"
95.5048,42.8,"Flow 1"
80.3062,42.8,"Flow 2"
4.28402,42.8,"Flow 3"
3.62973,42.8,"Flow 4"
80.3062,42.8,"Flow 5"
3.62973,42.8,"Flow 6"
80.3062,42.8,"Flow 7"
3.62973,42.8,"Flow 8"
95.5048,42.9,"Flow 1"
80.3062,42.9,"Flow 2"
4.28402,42.9,"Flow 3"
3.62973,42.9,"Flow 4"
80.3062,42.9,"Flow 5"
3.62973,42.9,"Flow 6"
80.3062,42.9,"Flow 7"
3.62973,42.9,"Flow 8"
95.5048,43,"Flow 1"
80.3062,43,"Flow 2"
4.28402,43,"Flow 3"
3.62973,43,"Flow 4"
80.3062,43,"Flow 5"
3.62973,43,"Flow 6"
80.3062,43,"Flow 7"
3.62973,43,"Flow 8"
95.5048,43.1,"Flow 1"
80.3062,43.1,"Flow 2"
4.28402,43.1,"Flow 3"
3.62973,43.1,"Flow 4"
80.3062,43.1,"Flow 5"
3.62973,43.1,"Flow 6"
80.3062,43.1,"Flow 7"
3.62973,43.1,"Flow 8"
95.5048,43.2,"Flow 1"
80.3062,43.2,"Flow 2"
4.28402,43.2,"Flow 3"
3.62973,43.2,"Flow 4"
80.3062,43.2,"Flow 5"
3.62973,43.2,"Flow 6"
80.3062,43.2,"Flow 7"
3.62973,43.2,"Flow 8"
95.5048,43.3,"Flow 1"
80.3062,43.3,"Flow 2"
4.28402,43.3,"Flow 3"
3.62973,43.3,"Flow 4"
80.3062,43.3,"Flow 5"
3.62973,43.3,"Flow 6"
80.3062,43.3,"Flow 7"
3.62973,43.3,"Flow 8"
95.5048,43.4,"Flow 1"
80.3062,43.4,"Flow 2"
4.28402,43.4,"Flow 3"
3.62973,43.4,"Flow 4"
80.3062,43.4,"Flow 5"
3.62973,43.4,"Flow 6"
80.3062,43.4,"Flow 7"
3.62973,43.4,"Flow 8"
95.5048,43.5,"Flow 1"
80.3062,43.5,"Flow 2"
4.28402,43.5,"Flow 3"
3.62973,43.5,"Flow 4"
80.3062,43.5,"Flow 5"
3.62973,43.5,"Flow 6"
80.3062,43.5,"Flow 7"
3.62973,43.5,"Flow 8"
95.5048,43.6,"Flow 1"
80.3062,43.6,"Flow 2"
4.28402,43.6,"Flow 3"
3.62973,43.6,"Flow 4"
80.3062,43.6,"Flow 5"
3.62973,43.6,"Flow 6"
80.3062,43.6,"Flow 7"
3.62973,43.6,"Flow 8"
95.5048,43.7,"Flow 1"
80.3062,43.7,"Flow 2"
4.28402,43.7,"Flow 3"
3.62973,43.7,"Flow 4"
80.3062,43.7,"Flow 5"
3.62973,43.7,"Flow 6"
80.3062,43.7,"Flow 7"
3.62973,43.7,"Flow 8"
95.5048,43.8,"Flow 1"
80.3062,43.8,"Flow 2"
4.28402,43.8,"Flow 3"
3.62973,43.8,"Flow 4"
80.3062,43.8,"Flow 5"
3.62973,43.8,"Flow 6"
80.3062,43.8,"Flow 7"
3.62973,43.8,"Flow 8"
95.5048,43.9,"Flow 1"
80.3062,43.9,"Flow 2"
4.28402,43.9,"Flow 3"
3.62973,43.9,"Flow 4"
80.3062,43.9,"Flow 5"
3.62973,43.9,"Flow 6"
80.3062,43.9,"Flow 7"
3.62973,43.9,"Flow 8"
95.5048,44,"Flow 1"
80.3062,44,"Flow 2"
4.28402,44,"Flow 3"
3.62973,44,"Flow 4"
80.3062,44,"Flow 5"
3.62973,44,"Flow 6"
80.3062,44,"Flow 7"
3.62973,44,"Flow 8"
95.5048,44.1,"Flow 1"
80.3062,44.1,"Flow 2"
4.28402,44.1,"Flow 3"
3.62973,44.1,"Flow 4"
80.3062,44.1,"Flow 5"
3.62973,44.1,"Flow 6"
80.3062,44.1,"Flow 7"
3.62973,44.1,"Flow 8"
95.5048,44.2,"Flow 1"
80.3062,44.2,"Flow 2"
4.28402,44.2,"Flow 3"
3.62973,44.2,"Flow 4"
80.3062,44.2,"Flow 5"
3.62973,44.2,"Flow 6"
80.3062,44.2,"Flow 7"
3.62973,44.2,"Flow 8"
95.5048,44.3,"Flow 1"
80.3062,44.3,"Flow 2"
4.28402,44.3,"Flow 3"
3.62973,44.3,"Flow 4"
80.3062,44.3,"Flow 5"
3.62973,44.3,"Flow 6"
80.3062,44.3,"Flow 7"
3.62973,44.3,"Flow 8"
95.5048,44.4,"Flow 1"
80.3062,44.4,"Flow 2"
4.28402,44.4,"Flow 3"
3.62973,44.4,"Flow 4"
80.3062,44.4,"Flow 5"
3.62973,44.4,"Flow 6"
80.3062,44.4,"Flow 7"
3.62973,44.4,"Flow 8"
95.5048,44.5,"Flow 1"
80.3062,44.5,"Flow 2"
4.28402,44.5,"Flow 3"
3.62973,44.5,"Flow 4"
80.3062,44.5,"Flow 5"
3.62973,44.5,"Flow 6"
80.3062,44.5,"Flow 7"
3.62973,44.5,"Flow 8"
95.5048,44.6,"Flow 1"
80.3062,44.6,"Flow 2"
4.28402,44.6,"Flow 3"
3.62973,44.6,"Flow 4"
80.3062,44.6,"Flow 5"
3.62973,44.6,"Flow 6"
80.3062,44.6,"Flow 7"
3.62973,44.6,"Flow 8"
95.5048,44.7,"Flow 1"
80.3062,44.7,"Flow 2"
4.28402,44.7,"Flow 3"
3.62973,44.7,"Flow 4"
80.3062,44.7,"Flow 5"
3.62973,44.7,"Flow 6"
80.3062,44.7,"Flow 7"
3.62973,44.7,"Flow 8"
95.5048,44.8,"Flow 1"
80.3062,44.8,"Flow 2"
4.28402,44.8,"Flow 3"
3.62973,44.8,"Flow 4"
80.3062,44.8,"Flow 5"
3.62973,44.8,"Flow 6"
80.3062,44.8,"Flow 7"
3.62973,44.8,"Flow 8"
95.5048,44.9,"Flow 1"
80.3062,44.9,"Flow 2"
4.28402,44.9,"Flow 3"
3.62973,44.9,"Flow 4"
80.3062,44.9,"Flow 5"
3.62973,44.9,"Flow 6"
80.3062,44.9,"Flow 7"
3.62973,44.9,"Flow 8"
95.5048,45,"Flow 1"
80.3062,45,"Flow 2"
4.28402,45,"Flow 3"
3.62973,45,"Flow 4"
80.3062,45,"Flow 5"
3.62973,45,"Flow 6"
80.3062,45,"Flow 7"
3.62973,45,"Flow 8"
95.5048,45.1,"Flow 1"
80.3062,45.1,"Flow 2"
4.28402,45.1,"Flow 3"
3.62973,45.1,"Flow 4"
80.3062,45.1,"Flow 5"
3.62973,45.1,"Flow 6"
80.3062,45.1,"Flow 7"
3.62973,45.1,"Flow 8"
95.5048,45.2,"Flow 1"
80.3062,45.2,"Flow 2"
4.28402,45.2,"Flow 3"
3.62973,45.2,"Flow 4"
80.3062,45.2,"Flow 5"
3.62973,45.2,"Flow 6"
80.3062,45.2,"Flow 7"
3.62973,45.2,"Flow 8"
95.5048,45.3,"Flow 1"
80.3062,45.3,"Flow 2"
4.28402,45.3,"Flow 3"
3.62973,45.3,"Flow 4"
80.3062,45.3,"Flow 5"
3.62973,45.3,"Flow 6"
80.3062,45.3,"Flow 7"
3.62973,45.3,"Flow 8"
95.5048,45.4,"Flow 1"
80.3062,45.4,"Flow 2"
4.28402,45.4,"Flow 3"
3.62973,45.4,"Flow 4"
80.3062,45.4,"Flow 5"
3.62973,45.4,"Flow 6"
80.3062,45.4,"Flow 7"
3.62973,45.4,"Flow 8"
95.5048,45.5,"Flow 1"
80.3062,45.5,"Flow 2"
4.28402,45.5,"Flow 3"
3.62973,45.5,"Flow 4"
80.3062,45.5,"Flow 5"
3.62973,45.5,"Flow 6"
80.3062,45.5,"Flow 7"
3.62973,45.5,"Flow 8"
95.5048,45.6,"Flow 1"
80.3062,45.6,"Flow 2"
4.28402,45.6,"Flow 3"
3.62973,45.6,"Flow 4"
80.3062,45.6,"Flow 5"
3.62973,45.6,"Flow 6"
80.3062,45.6,"Flow 7"
3.62973,45.6,"Flow 8"
95.5048,45.7,"Flow 1"
80.3062,45.7,"Flow 2"
4.28402,45.7,"Flow 3"
3.62973,45.7,"Flow 4"
80.3062,45.7,"Flow 5"
3.62973,45.7,"Flow 6"
80.3062,45.7,"Flow 7"
3.62973,45.7,"Flow 8"
95.5048,45.8,"Flow 1"
80.3062,45.8,"Flow 2"
4.28402,45.8,"Flow 3"
3.62973,45.8,"Flow 4"
80.3062,45.8,"Flow 5"
3.62973,45.8,"Flow 6"
80.3062,45.8,"Flow 7"
3.62973,45.8,"Flow 8"
95.5048,45.9,"Flow 1"
80.3062,45.9,"Flow 2"
4.28402,45.9,"Flow 3"
3.62973,45.9,"Flow 4"
80.3062,45.9,"Flow 5"
3.62973,45.9,"Flow 6"
80.3062,45.9,"Flow 7"
3.62973,45.9,"Flow 8"
95.5048,46,"Flow 1"
80.3062,46,"Flow 2"
4.28402,46,"Flow 3"
3.62973,46,"Flow 4"
80.3062,46,"Flow 5"
3.62973,46,"Flow 6"
80.3062,46,"Flow 7"
3.62973,46,"Flow 8"
95.5048,46.1,"Flow 1"
80.3062,46.1,"Flow 2"
4.28402,46.1,"Flow 3"
3.62973,46.1,"Flow 4"
80.3062,46.1,"Flow 5"
3.62973,46.1,"Flow 6"
80.3062,46.1,"Flow 7"
3.62973,46.1,"Flow 8"
95.5048,46.2,"Flow 1"
80.3062,46.2,"Flow 2"
4.28402,46.2,"Flow 3"
3.62973,46.2,"Flow 4"
80.3062,46.2,"Flow 5"
3.62973,46.2,"Flow 6"
80.3062,46.2,"Flow 7"
3.62973,46.2,"Flow 8"
95.5048,46.3,"Flow 1"
80.3062,46.3,"Flow 2"
4.28402,46.3,"Flow 3"
3.62973,46.3,"Flow 4"
80.3062,46.3,"Flow 5"
3.62973,46.3,"Flow 6"
80.3062,46.3,"Flow 7"
3.62973,46.3,"Flow 8"
95.5048,46.4,"Flow 1"
80.3062,46.4,"Flow 2"
4.28402,46.4,"Flow 3"
3.62973,46.4,"Flow 4"
80.3062,46.4,"Flow 5"
3.62973,46.4,"Flow 6"
80.3062,46.4,"Flow 7"
3.62973,46.4,"Flow 8"
95.5048,46.5,"Flow 1"
80.3062,46.5,"Flow 2"
4.28402,46.5,"Flow 3"
3.62973,46.5,"Flow 4"
80.3062,46.5,"Flow 5"
3.62973,46.5,"Flow 6"
80.3062,46.5,"Flow 7"
3.62973,46.5,"Flow 8"
95.5048,46.6,"Flow 1"
80.3062,46.6,"Flow 2"
4.28402,46.6,"Flow 3"
3.62973,46.6,"Flow 4"
80.3062,46.6,"Flow 5"
3.62973,46.6,"Flow 6"
80.3062,46.6,"Flow 7"
3.62973,46.6,"Flow 8"
95.5048,46.7,"Flow 1"
80.3062,46.7,"Flow 2"
4.28402,46.7,"Flow 3"
3.62973,46.7,"Flow 4"
80.3062,46.7,"Flow 5"
3.62973,46.7,"Flow 6"
80.3062,46.7,"Flow 7"
3.62973,46.7,"Flow 8"
95.5048,46.8,"Flow 1"
80.3062,46.8,"Flow 2"
4.28402,46.8,"Flow 3"
3.62973,46.8,"Flow 4"
80.3062,46.8,"Flow 5"
3.62973,46.8,"Flow 6"
80.3062,46.8,"Flow 7"
3.62973,46.8,"Flow 8"
95.5048,46.9,"Flow 1"
80.3062,46.9,"Flow 2"
4.28402,46.9,"Flow 3"
3.62973,46.9,"Flow 4"
80.3062,46.9,"Flow 5"
3.62973,46.9,"Flow 6"
80.3062,46.9,"Flow 7"
3.62973,46.9,"Flow 8"
95.5048,47,"Flow 1"
80.3062,47,"Flow 2"
4.28402,47,"Flow 3"
3.62973,47,"Flow 4"
80.3062,47,"Flow 5"
3.62973,47,"Flow 6"
80.3062,47,"Flow 7"
3.62973,47,"Flow 8"
95.5048,47.1,"Flow 1"
80.3062,47.1,"Flow 2"
4.28402,47.1,"Flow 3"
3.62973,47.1,"Flow 4"
80.3062,47.1,"Flow 5"
3.62973,47.1,"Flow 6"
80.3062,47.1,"Flow 7"
3.62973,47.1,"Flow 8"
95.5048,47.2,"Flow 1"
80.3062,47.2,"Flow 2"
4.28402,47.2,"Flow 3"
3.62973,47.2,"Flow 4"
80.3062,47.2,"Flow 5"
3.62973,47.2,"Flow 6"
80.3062,47.2,"Flow 7"
3.62973,47.2,"Flow 8"
95.5048,47.3,"Flow 1"
80.3062,47.3,"Flow 2"
4.28402,47.3,"Flow 3"
3.62973,47.3,"Flow 4"
80.3062,47.3,"Flow 5"
3.62973,47.3,"Flow 6"
80.3062,47.3,"Flow 7"
3.62973,47.3,"Flow 8"
95.5048,47.4,"Flow 1"
80.3062,47.4,"Flow 2"
4.28402,47.4,"Flow 3"
3.62973,47.4,"Flow 4"
80.3062,47.4,"Flow 5"
3.62973,47.4,"Flow 6"
80.3062,47.4,"Flow 7"
3.62973,47.4,"Flow 8"
95.5048,47.5,"Flow 1"
80.3062,47.5,"Flow 2"
4.28402,47.5,"Flow 3"
3.62973,47.5,"Flow 4"
80.3062,47.5,"Flow 5"
3.62973,47.5,"Flow 6"
80.3062,47.5,"Flow 7"
3.62973,47.5,"Flow 8"
95.5048,47.6,"Flow 1"
80.3062,47.6,"Flow 2"
4.28402,47.6,"Flow 3"
3.62973,47.6,"Flow 4"
80.3062,47.6,"Flow 5"
3.62973,47.6,"Flow 6"
80.3062,47.6,"Flow 7"
3.62973,47.6,"Flow 8"
95.5048,47.7,"Flow 1"
80.3062,47.7,"Flow 2"
4.28402,47.7,"Flow 3"
3.62973,47.7,"Flow 4"
80.3062,47.7,"Flow 5"
3.62973,47.7,"Flow 6"
80.3062,47.7,"Flow 7"
3.62973,47.7,"Flow 8"
95.5048,47.8,"Flow 1"
80.3062,47.8,"Flow 2"
4.28402,47.8,"Flow 3"
3.62973,47.8,"Flow 4"
80.3062,47.8,"Flow 5"
3.62973,47.8,"Flow 6"
80.3062,47.8,"Flow 7"
3.62973,47.8,"Flow 8"
95.5048,47.9,"Flow 1"
80.3062,47.9,"Flow 2"
4.28402,47.9,"Flow 3"
3.62973,47.9,"Flow 4"
80.3062,47.9,"Flow 5"
3.62973,47.9,"Flow 6"
80.3062,47.9,"Flow 7"
3.62973,47.9,"Flow 8"
95.5048,48,"Flow 1"
80.3062,48,"Flow 2"
4.28402,48,"Flow 3"
3.62973,48,"Flow 4"
80.3062,48,"Flow 5"
3.62973,48,"Flow 6"
80.3062,48,"Flow 7"
3.62973,48,"Flow 8"
95.5048,48.1,"Flow 1"
80.3062,48.1,"Flow 2"
4.28402,48.1,"Flow 3"
3.62973,48.1,"Flow 4"
80.3062,48.1,"Flow 5"
3.62973,48.1,"Flow 6"
80.3062,48.1,"Flow 7"
3.62973,48.1,"Flow 8"
95.5048,48.2,"Flow 1"
80.3062,48.2,"Flow 2"
4.28402,48.2,"Flow 3"
3.62973,48.2,"Flow 4"
80.3062,48.2,"Flow 5"
3.62973,48.2,"Flow 6"
80.3062,48.2,"Flow 7"
3.62973,48.2,"Flow 8"
95.5048,48.3,"Flow 1"
80.3062,48.3,"Flow 2"
4.28402,48.3,"Flow 3"
3.62973,48.3,"Flow 4"
80.3062,48.3,"Flow 5"
3.62973,48.3,"Flow 6"
80.3062,48.3,"Flow 7"
3.62973,48.3,"Flow 8"
95.5048,48.4,"Flow 1"
80.3062,48.4,"Flow 2"
4.28402,48.4,"Flow 3"
3.62973,48.4,"Flow 4"
80.3062,48.4,"Flow 5"
3.62973,48.4,"Flow 6"
80.3062,48.4,"Flow 7"
3.62973,48.4,"Flow 8"
95.5048,48.5,"Flow 1"
80.3062,48.5,"Flow 2"
4.28402,48.5,"Flow 3"
3.62973,48.5,"Flow 4"
80.3062,48.5,"Flow 5"
3.62973,48.5,"Flow 6"
80.3062,48.5,"Flow 7"
3.62973,48.5,"Flow 8"
95.5048,48.6,"Flow 1"
80.3062,48.6,"Flow 2"
4.28402,48.6,"Flow 3"
3.62973,48.6,"Flow 4"
80.3062,48.6,"Flow 5"
3.62973,48.6,"Flow 6"
80.3062,48.6,"Flow 7"
3.62973,48.6,"Flow 8"
95.5048,48.7,"Flow 1"
80.3062,48.7,"Flow 2"
4.28402,48.7,"Flow 3"
3.62973,48.7,"Flow 4"
80.3062,48.7,"Flow 5"
3.62973,48.7,"Flow 6"
80.3062,48.7,"Flow 7"
3.62973,48.7,"Flow 8"
95.5048,48.8,"Flow 1"
80.3062,48.8,"Flow 2"
4.28402,48.8,"Flow 3"
3.62973,48.8,"Flow 4"
80.3062,48.8,"Flow 5"
3.62973,48.8,"Flow 6"
80.3062,48.8,"Flow 7"
3.62973,48.8,"Flow 8"
95.5048,48.9,"Flow 1"
80.3062,48.9,"Flow 2"
4.28402,48.9,"Flow 3"
3.62973,48.9,"Flow 4"
80.3062,48.9,"Flow 5"
3.62973,48.9,"Flow 6"
80.3062,48.9,"Flow 7"
3.62973,48.9,"Flow 8"
95.5048,49,"Flow 1"
80.3062,49,"Flow 2"
4.28402,49,"Flow 3"
3.62973,49,"Flow 4"
80.3062,49,"Flow 5"
3.62973,49,"Flow 6"
80.3062,49,"Flow 7"
3.62973,49,"Flow 8"
95.5048,49.1,"Flow 1"
80.3062,49.1,"Flow 2"
4.28402,49.1,"Flow 3"
3.62973,49.1,"Flow 4"
80.3062,49.1,"Flow 5"
3.62973,49.1,"Flow 6"
80.3062,49.1,"Flow 7"
3.62973,49.1,"Flow 8"
95.5048,49.2,"Flow 1"
80.3062,49.2,"Flow 2"
4.28402,49.2,"Flow 3"
3.62973,49.2,"Flow 4"
80.3062,49.2,"Flow 5"
3.62973,49.2,"Flow 6"
80.3062,49.2,"Flow 7"
3.62973,49.2,"Flow 8"
95.5048,49.3,"Flow 1"
80.3062,49.3,"Flow 2"
4.28402,49.3,"Flow 3"
3.62973,49.3,"Flow 4"
80.3062,49.3,"Flow 5"
3.62973,49.3,"Flow 6"
80.3062,49.3,"Flow 7"
3.62973,49.3,"Flow 8"
95.5048,49.4,"Flow 1"
80.3062,49.4,"Flow 2"
4.28402,49.4,"Flow 3"
3.62973,49.4,"Flow 4"
80.3062,49.4,"Flow 5"
3.62973,49.4,"Flow 6"
80.3062,49.4,"Flow 7"
3.62973,49.4,"Flow 8"
95.5048,49.5,"Flow 1"
80.3062,49.5,"Flow 2"
4.28402,49.5,"Flow 3"
3.62973,49.5,"Flow 4"
80.3062,49.5,"Flow 5"
3.62973,49.5,"Flow 6"
80.3062,49.5,"Flow 7"
3.62973,49.5,"Flow 8"
95.5048,49.6,"Flow 1"
80.3062,49.6,"Flow 2"
4.28402,49.6,"Flow 3"
3.62973,49.6,"Flow 4"
80.3062,49.6,"Flow 5"
3.62973,49.6,"Flow 6"
80.3062,49.6,"Flow 7"
3.62973,49.6,"Flow 8"
95.5048,49.7,"Flow 1"
80.3062,49.7,"Flow 2"
4.28402,49.7,"Flow 3"
3.62973,49.7,"Flow 4"
80.3062,49.7,"Flow 5"
3.62973,49.7,"Flow 6"
80.3062,49.7,"Flow 7"
3.62973,49.7,"Flow 8"
95.5048,49.8,"Flow 1"
80.3062,49.8,"Flow 2"
4.28402,49.8,"Flow 3"
3.62973,49.8,"Flow 4"
80.3062,49.8,"Flow 5"
3.62973,49.8,"Flow 6"
80.3062,49.8,"Flow 7"
3.62973,49.8,"Flow 8"
95.5048,49.9,"Flow 1"
80.3062,49.9,"Flow 2"
4.28402,49.9,"Flow 3"
3.62973,49.9,"Flow 4"
80.3062,49.9,"Flow 5"
3.62973,49.9,"Flow 6"
80.3062,49.9,"Flow 7"
3.62973,49.9,"Flow 8"
95.5048,50,"Flow 1"
80.3062,50,"Flow 2"
4.28402,50,"Flow 3"
3.62973,50,"Flow 4"
80.3062,50,"Flow 5"
3.62973,50,"Flow 6"
80.3062,50,"Flow 7"
3.62973,50,"Flow 8"
95.5048,50.1,"Flow 1"
80.3062,50.1,"Flow 2"
4.28402,50.1,"Flow 3"
3.62973,50.1,"Flow 4"
80.3062,50.1,"Flow 5"
3.62973,50.1,"Flow 6"
80.3062,50.1,"Flow 7"
3.62973,50.1,"Flow 8"
95.5048,50.2,"Flow 1"
80.3062,50.2,"Flow 2"
4.28402,50.2,"Flow 3"
3.62973,50.2,"Flow 4"
80.3062,50.2,"Flow 5"
3.62973,50.2,"Flow 6"
80.3062,50.2,"Flow 7"
3.62973,50.2,"Flow 8"
95.5048,50.3,"Flow 1"
80.3062,50.3,"Flow 2"
4.28402,50.3,"Flow 3"
3.62973,50.3,"Flow 4"
80.3062,50.3,"Flow 5"
3.62973,50.3,"Flow 6"
80.3062,50.3,"Flow 7"
3.62973,50.3,"Flow 8"
95.5048,50.4,"Flow 1"
80.3062,50.4,"Flow 2"
4.28402,50.4,"Flow 3"
3.62973,50.4,"Flow 4"
80.3062,50.4,"Flow 5"
3.62973,50.4,"Flow 6"
80.3062,50.4,"Flow 7"
3.62973,50.4,"Flow 8"
95.5048,50.5,"Flow 1"
80.3062,50.5,"Flow 2"
4.28402,50.5,"Flow 3"
3.62973,50.5,"Flow 4"
80.3062,50.5,"Flow 5"
3.62973,50.5,"Flow 6"
80.3062,50.5,"Flow 7"
3.62973,50.5,"Flow 8"
95.5048,50.6,"Flow 1"
80.3062,50.6,"Flow 2"
4.28402,50.6,"Flow 3"
3.62973,50.6,"Flow 4"
80.3062,50.6,"Flow 5"
3.62973,50.6,"Flow 6"
80.3062,50.6,"Flow 7"
3.62973,50.6,"Flow 8"
95.5048,50.7,"Flow 1"
80.3062,50.7,"Flow 2"
4.28402,50.7,"Flow 3"
3.62973,50.7,"Flow 4"
80.3062,50.7,"Flow 5"
3.62973,50.7,"Flow 6"
80.3062,50.7,"Flow 7"
3.62973,50.7,"Flow 8"
95.5048,50.8,"Flow 1"
80.3062,50.8,"Flow 2"
4.28402,50.8,"Flow 3"
3.62973,50.8,"Flow 4"
80.3062,50.8,"Flow 5"
3.62973,50.8,"Flow 6"
80.3062,50.8,"Flow 7"
3.62973,50.8,"Flow 8"
95.5048,50.9,"Flow 1"
80.3062,50.9,"Flow 2"
4.28402,50.9,"Flow 3"
3.62973,50.9,"Flow 4"
80.3062,50.9,"Flow 5"
3.62973,50.9,"Flow 6"
80.3062,50.9,"Flow 7"
3.62973,50.9,"Flow 8"
95.5048,51,"Flow 1"
80.3062,51,"Flow 2"
4.28402,51,"Flow 3"
3.62973,51,"Flow 4"
80.3062,51,"Flow 5"
3.62973,51,"Flow 6"
80.3062,51,"Flow 7"
3.62973,51,"Flow 8"
95.5048,51.1,"Flow 1"
80.3062,51.1,"Flow 2"
4.28402,51.1,"Flow 3"
3.62973,51.1,"Flow 4"
80.3062,51.1,"Flow 5"
3.62973,51.1,"Flow 6"
80.3062,51.1,"Flow 7"
3.62973,51.1,"Flow 8"
95.5048,51.2,"Flow 1"
80.3062,51.2,"Flow 2"
4.28402,51.2,"Flow 3"
3.62973,51.2,"Flow 4"
80.3062,51.2,"Flow 5"
3.62973,51.2,"Flow 6"
80.3062,51.2,"Flow 7"
3.62973,51.2,"Flow 8"
95.5048,51.3,"Flow 1"
80.3062,51.3,"Flow 2"
4.28402,51.3,"Flow 3"
3.62973,51.3,"Flow 4"
80.3062,51.3,"Flow 5"
3.62973,51.3,"Flow 6"
80.3062,51.3,"Flow 7"
3.62973,51.3,"Flow 8"
95.5048,51.4,"Flow 1"
80.3062,51.4,"Flow 2"
4.28402,51.4,"Flow 3"
3.62973,51.4,"Flow 4"
80.3062,51.4,"Flow 5"
3.62973,51.4,"Flow 6"
80.3062,51.4,"Flow 7"
3.62973,51.4,"Flow 8"
95.5048,51.5,"Flow 1"
80.3062,51.5,"Flow 2"
4.28402,51.5,"Flow 3"
3.62973,51.5,"Flow 4"
80.3062,51.5,"Flow 5"
3.62973,51.5,"Flow 6"
80.3062,51.5,"Flow 7"
3.62973,51.5,"Flow 8"
95.5048,51.6,"Flow 1"
80.3062,51.6,"Flow 2"
4.28402,51.6,"Flow 3"
3.62973,51.6,"Flow 4"
80.3062,51.6,"Flow 5"
3.62973,51.6,"Flow 6"
80.3062,51.6,"Flow 7"
3.62973,51.6,"Flow 8"
95.5048,51.7,"Flow 1"
80.3062,51.7,"Flow 2"
4.28402,51.7,"Flow 3"
3.62973,51.7,"Flow 4"
80.3062,51.7,"Flow 5"
3.62973,51.7,"Flow 6"
80.3062,51.7,"Flow 7"
3.62973,51.7,"Flow 8"
95.5048,51.8,"Flow 1"
80.3062,51.8,"Flow 2"
4.28402,51.8,"Flow 3"
3.62973,51.8,"Flow 4"
80.3062,51.8,"Flow 5"
3.62973,51.8,"Flow 6"
80.3062,51.8,"Flow 7"
3.62973,51.8,"Flow 8"
95.5048,51.9,"Flow 1"
80.3062,51.9,"Flow 2"
4.28402,51.9,"Flow 3"
3.62973,51.9,"Flow 4"
80.3062,51.9,"Flow 5"
3.62973,51.9,"Flow 6"
80.3062,51.9,"Flow 7"
3.62973,51.9,"Flow 8"
95.5048,52,"Flow 1"
80.3062,52,"Flow 2"
4.28402,52,"Flow 3"
3.62973,52,"Flow 4"
80.3062,52,"Flow 5"
3.62973,52,"Flow 6"
80.3062,52,"Flow 7"
3.62973,52,"Flow 8"
95.5048,52.1,"Flow 1"
80.3062,52.1,"Flow 2"
4.28402,52.1,"Flow 3"
3.62973,52.1,"Flow 4"
80.3062,52.1,"Flow 5"
3.62973,52.1,"Flow 6"
80.3062,52.1,"Flow 7"
3.62973,52.1,"Flow 8"
95.5048,52.2,"Flow 1"
80.3062,52.2,"Flow 2"
4.28402,52.2,"Flow 3"
3.62973,52.2,"Flow 4"
80.3062,52.2,"Flow 5"
3.62973,52.2,"Flow 6"
80.3062,52.2,"Flow 7"
3.62973,52.2,"Flow 8"
95.5048,52.3,"Flow 1"
80.3062,52.3,"Flow 2"
4.28402,52.3,"Flow 3"
3.62973,52.3,"Flow 4"
80.3062,52.3,"Flow 5"
3.62973,52.3,"Flow 6"
80.3062,52.3,"Flow 7"
3.62973,52.3,"Flow 8"
95.5048,52.4,"Flow 1"
80.3062,52.4,"Flow 2"
4.28402,52.4,"Flow 3"
3.62973,52.4,"Flow 4"
80.3062,52.4,"Flow 5"
3.62973,52.4,"Flow 6"
80.3062,52.4,"Flow 7"
3.62973,52.4,"Flow 8"
95.5048,52.5,"Flow 1"
80.3062,52.5,"Flow 2"
4.28402,52.5,"Flow 3"
3.62973,52.5,"Flow 4"
80.3062,52.5,"Flow 5"
3.62973,52.5,"Flow 6"
80.3062,52.5,"Flow 7"
3.62973,52.5,"Flow 8"
95.5048,52.6,"Flow 1"
80.3062,52.6,"Flow 2"
4.28402,52.6,"Flow 3"
3.62973,52.6,"Flow 4"
80.3062,52.6,"Flow 5"
3.62973,52.6,"Flow 6"
80.3062,52.6,"Flow 7"
3.62973,52.6,"Flow 8"
95.5048,52.7,"Flow 1"
80.3062,52.7,"Flow 2"
4.28402,52.7,"Flow 3"
3.62973,52.7,"Flow 4"
80.3062,52.7,"Flow 5"
3.62973,52.7,"Flow 6"
80.3062,52.7,"Flow 7"
3.62973,52.7,"Flow 8"
95.5048,52.8,"Flow 1"
80.3062,52.8,"Flow 2"
4.28402,52.8,"Flow 3"
3.62973,52.8,"Flow 4"
80.3062,52.8,"Flow 5"
3.62973,52.8,"Flow 6"
80.3062,52.8,"Flow 7"
3.62973,52.8,"Flow 8"
95.5048,52.9,"Flow 1"
80.3062,52.9,"Flow 2"
4.28402,52.9,"Flow 3"
3.62973,52.9,"Flow 4"
80.3062,52.9,"Flow 5"
3.62973,52.9,"Flow 6"
80.3062,52.9,"Flow 7"
3.62973,52.9,"Flow 8"
95.5048,53,"Flow 1"
80.3062,53,"Flow 2"
4.28402,53,"Flow 3"
3.62973,53,"Flow 4"
80.3062,53,"Flow 5"
3.62973,53,"Flow 6"
80.3062,53,"Flow 7"
3.62973,53,"Flow 8"
95.5048,53.1,"Flow 1"
80.3062,53.1,"Flow 2"
4.28402,53.1,"Flow 3"
3.62973,53.1,"Flow 4"
80.3062,53.1,"Flow 5"
3.62973,53.1,"Flow 6"
80.3062,53.1,"Flow 7"
3.62973,53.1,"Flow 8"
95.5048,53.2,"Flow 1"
80.3062,53.2,"Flow 2"
4.28402,53.2,"Flow 3"
3.62973,53.2,"Flow 4"
80.3062,53.2,"Flow 5"
3.62973,53.2,"Flow 6"
80.3062,53.2,"Flow 7"
3.62973,53.2,"Flow 8"
95.5048,53.3,"Flow 1"
80.3062,53.3,"Flow 2"
4.28402,53.3,"Flow 3"
3.62973,53.3,"Flow 4"
80.3062,53.3,"Flow 5"
3.62973,53.3,"Flow 6"
80.3062,53.3,"Flow 7"
3.62973,53.3,"Flow 8"
95.5048,53.4,"Flow 1"
80.3062,53.4,"Flow 2"
4.28402,53.4,"Flow 3"
3.62973,53.4,"Flow 4"
80.3062,53.4,"Flow 5"
3.62973,53.4,"Flow 6"
80.3062,53.4,"Flow 7"
3.62973,53.4,"Flow 8"
95.5048,53.5,"Flow 1"
80.3062,53.5,"Flow 2"
4.28402,53.5,"Flow 3"
3.62973,53.5,"Flow 4"
80.3062,53.5,"Flow 5"
3.62973,53.5,"Flow 6"
80.3062,53.5,"Flow 7"
3.62973,53.5,"Flow 8"
95.5048,53.6,"Flow 1"
80.3062,53.6,"Flow 2"
4.28402,53.6,"Flow 3"
3.62973,53.6,"Flow 4"
80.3062,53.6,"Flow 5"
3.62973,53.6,"Flow 6"
80.3062,53.6,"Flow 7"
3.62973,53.6,"Flow 8"
95.5048,53.7,"Flow 1"
80.3062,53.7,"Flow 2"
4.28402,53.7,"Flow 3"
3.62973,53.7,"Flow 4"
80.3062,53.7,"Flow 5"
3.62973,53.7,"Flow 6"
80.3062,53.7,"Flow 7"
3.62973,53.7,"Flow 8"
95.5048,53.8,"Flow 1"
80.3062,53.8,"Flow 2"
4.28402,53.8,"Flow 3"
3.62973,53.8,"Flow 4"
80.3062,53.8,"Flow 5"
3.62973,53.8,"Flow 6"
80.3062,53.8,"Flow 7"
3.62973,53.8,"Flow 8"
95.5048,53.9,"Flow 1"
80.3062,53.9,"Flow 2"
4.28402,53.9,"Flow 3"
3.62973,53.9,"Flow 4"
80.3062,53.9,"Flow 5"
3.62973,53.9,"Flow 6"
80.3062,53.9,"Flow 7"
3.62973,53.9,"Flow 8"
95.5048,54,"Flow 1"
80.3062,54,"Flow 2"
4.28402,54,"Flow 3"
3.62973,54,"Flow 4"
80.3062,54,"Flow 5"
3.62973,54,"Flow 6"
80.3062,54,"Flow 7"
3.62973,54,"Flow 8"
95.5048,54.1,"Flow 1"
80.3062,54.1,"Flow 2"
4.28402,54.1,"Flow 3"
3.62973,54.1,"Flow 4"
80.3062,54.1,"Flow 5"
3.62973,54.1,"Flow 6"
80.3062,54.1,"Flow 7"
3.62973,54.1,"Flow 8"
95.5048,54.2,"Flow 1"
80.3062,54.2,"Flow 2"
4.28402,54.2,"Flow 3"
3.62973,54.2,"Flow 4"
80.3062,54.2,"Flow 5"
3.62973,54.2,"Flow 6"
80.3062,54.2,"Flow 7"
3.62973,54.2,"Flow 8"
95.5048,54.3,"Flow 1"
80.3062,54.3,"Flow 2"
4.28402,54.3,"Flow 3"
3.62973,54.3,"Flow 4"
80.3062,54.3,"Flow 5"
3.62973,54.3,"Flow 6"
80.3062,54.3,"Flow 7"
3.62973,54.3,"Flow 8"
95.5048,54.4,"Flow 1"
80.3062,54.4,"Flow 2"
4.28402,54.4,"Flow 3"
3.62973,54.4,"Flow 4"
80.3062,54.4,"Flow 5"
3.62973,54.4,"Flow 6"
80.3062,54.4,"Flow 7"
3.62973,54.4,"Flow 8"
95.5048,54.5,"Flow 1"
80.3062,54.5,"Flow 2"
4.28402,54.5,"Flow 3"
3.62973,54.5,"Flow 4"
80.3062,54.5,"Flow 5"
3.62973,54.5,"Flow 6"
80.3062,54.5,"Flow 7"
3.62973,54.5,"Flow 8"
95.5048,54.6,"Flow 1"
80.3062,54.6,"Flow 2"
4.28402,54.6,"Flow 3"
3.62973,54.6,"Flow 4"
80.3062,54.6,"Flow 5"
3.62973,54.6,"Flow 6"
80.3062,54.6,"Flow 7"
3.62973,54.6,"Flow 8"
95.5048,54.7,"Flow 1"
80.3062,54.7,"Flow 2"
4.28402,54.7,"Flow 3"
3.62973,54.7,"Flow 4"
80.3062,54.7,"Flow 5"
3.62973,54.7,"Flow 6"
80.3062,54.7,"Flow 7"
3.62973,54.7,"Flow 8"
95.5048,54.8,"Flow 1"
80.3062,54.8,"Flow 2"
4.28402,54.8,"Flow 3"
3.62973,54.8,"Flow 4"
80.3062,54.8,"Flow 5"
3.62973,54.8,"Flow 6"
80.3062,54.8,"Flow 7"
3.62973,54.8,"Flow 8"
95.5048,54.9,"Flow 1"
80.3062,54.9,"Flow 2"
4.28402,54.9,"Flow 3"
3.62973,54.9,"Flow 4"
80.3062,54.9,"Flow 5"
3.62973,54.9,"Flow 6"
80.3062,54.9,"Flow 7"
3.62973,54.9,"Flow 8"
95.5048,55,"Flow 1"
80.3062,55,"Flow 2"
4.28402,55,"Flow 3"
3.62973,55,"Flow 4"
80.3062,55,"Flow 5"
3.62973,55,"Flow 6"
80.3062,55,"Flow 7"
3.62973,55,"Flow 8"
95.5048,55.1,"Flow 1"
80.3062,55.1,"Flow 2"
4.28402,55.1,"Flow 3"
3.62973,55.1,"Flow 4"
80.3062,55.1,"Flow 5"
3.62973,55.1,"Flow 6"
80.3062,55.1,"Flow 7"
3.62973,55.1,"Flow 8"
95.5048,55.2,"Flow 1"
80.3062,55.2,"Flow 2"
4.28402,55.2,"Flow 3"
3.62973,55.2,"Flow 4"
80.3062,55.2,"Flow 5"
3.62973,55.2,"Flow 6"
80.3062,55.2,"Flow 7"
3.62973,55.2,"Flow 8"
95.5048,55.3,"Flow 1"
80.3062,55.3,"Flow 2"
4.28402,55.3,"Flow 3"
3.62973,55.3,"Flow 4"
80.3062,55.3,"Flow 5"
3.62973,55.3,"Flow 6"
80.3062,55.3,"Flow 7"
3.62973,55.3,"Flow 8"
95.5048,55.4,"Flow 1"
80.3062,55.4,"Flow 2"
4.28402,55.4,"Flow 3"
3.62973,55.4,"Flow 4"
80.3062,55.4,"Flow 5"
3.62973,55.4,"Flow 6"
80.3062,55.4,"Flow 7"
3.62973,55.4,"Flow 8"
95.5048,55.5,"Flow 1"
80.3062,55.5,"Flow 2"
4.28402,55.5,"Flow 3"
3.62973,55.5,"Flow 4"
80.3062,55.5,"Flow 5"
3.62973,55.5,"Flow 6"
80.3062,55.5,"Flow 7"
3.62973,55.5,"Flow 8"
95.5048,55.6,"Flow 1"
80.3062,55.6,"Flow 2"
4.28402,55.6,"Flow 3"
3.62973,55.6,"Flow 4"
80.3062,55.6,"Flow 5"
3.62973,55.6,"Flow 6"
80.3062,55.6,"Flow 7"
3.62973,55.6,"Flow 8"
95.5048,55.7,"Flow 1"
80.3062,55.7,"Flow 2"
4.28402,55.7,"Flow 3"
3.62973,55.7,"Flow 4"
80.3062,55.7,"Flow 5"
3.62973,55.7,"Flow 6"
80.3062,55.7,"Flow 7"
3.62973,55.7,"Flow 8"
95.5048,55.8,"Flow 1"
80.3062,55.8,"Flow 2"
4.28402,55.8,"Flow 3"
3.62973,55.8,"Flow 4"
80.3062,55.8,"Flow 5"
3.62973,55.8,"Flow 6"
80.3062,55.8,"Flow 7"
3.62973,55.8,"Flow 8"
95.5048,55.9,"Flow 1"
80.3062,55.9,"Flow 2"
4.28402,55.9,"Flow 3"
3.62973,55.9,"Flow 4"
80.3062,55.9,"Flow 5"
3.62973,55.9,"Flow 6"
80.3062,55.9,"Flow 7"
3.62973,55.9,"Flow 8"
95.5048,56,"Flow 1"
80.3062,56,"Flow 2"
4.28402,56,"Flow 3"
3.62973,56,"Flow 4"
80.3062,56,"Flow 5"
3.62973,56,"Flow 6"
80.3062,56,"Flow 7"
3.62973,56,"Flow 8"
95.5048,56.1,"Flow 1"
80.3062,56.1,"Flow 2"
4.28402,56.1,"Flow 3"
3.62973,56.1,"Flow 4"
80.3062,56.1,"Flow 5"
3.62973,56.1,"Flow 6"
80.3062,56.1,"Flow 7"
3.62973,56.1,"Flow 8"
95.5048,56.2,"Flow 1"
80.3062,56.2,"Flow 2"
4.28402,56.2,"Flow 3"
3.62973,56.2,"Flow 4"
80.3062,56.2,"Flow 5"
3.62973,56.2,"Flow 6"
80.3062,56.2,"Flow 7"
3.62973,56.2,"Flow 8"
95.5048,56.3,"Flow 1"
80.3062,56.3,"Flow 2"
4.28402,56.3,"Flow 3"
3.62973,56.3,"Flow 4"
80.3062,56.3,"Flow 5"
3.62973,56.3,"Flow 6"
80.3062,56.3,"Flow 7"
3.62973,56.3,"Flow 8"
95.5048,56.4,"Flow 1"
80.3062,56.4,"Flow 2"
4.28402,56.4,"Flow 3"
3.62973,56.4,"Flow 4"
80.3062,56.4,"Flow 5"
3.62973,56.4,"Flow 6"
80.3062,56.4,"Flow 7"
3.62973,56.4,"Flow 8"
95.5048,56.5,"Flow 1"
80.3062,56.5,"Flow 2"
4.28402,56.5,"Flow 3"
3.62973,56.5,"Flow 4"
80.3062,56.5,"Flow 5"
3.62973,56.5,"Flow 6"
80.3062,56.5,"Flow 7"
3.62973,56.5,"Flow 8"
95.5048,56.6,"Flow 1"
80.3062,56.6,"Flow 2"
4.28402,56.6,"Flow 3"
3.62973,56.6,"Flow 4"
80.3062,56.6,"Flow 5"
3.62973,56.6,"Flow 6"
80.3062,56.6,"Flow 7"
3.62973,56.6,"Flow 8"
95.5048,56.7,"Flow 1"
80.3062,56.7,"Flow 2"
4.28402,56.7,"Flow 3"
3.62973,56.7,"Flow 4"
80.3062,56.7,"Flow 5"
3.62973,56.7,"Flow 6"
80.3062,56.7,"Flow 7"
3.62973,56.7,"Flow 8"
95.5048,56.8,"Flow 1"
80.3062,56.8,"Flow 2"
4.28402,56.8,"Flow 3"
3.62973,56.8,"Flow 4"
80.3062,56.8,"Flow 5"
3.62973,56.8,"Flow 6"
80.3062,56.8,"Flow 7"
3.62973,56.8,"Flow 8"
95.5048,56.9,"Flow 1"
80.3062,56.9,"Flow 2"
4.28402,56.9,"Flow 3"
3.62973,56.9,"Flow 4"
80.3062,56.9,"Flow 5"
3.62973,56.9,"Flow 6"
80.3062,56.9,"Flow 7"
3.62973,56.9,"Flow 8"
95.5048,57,"Flow 1"
80.3062,57,"Flow 2"
4.28402,57,"Flow 3"
3.62973,57,"Flow 4"
80.3062,57,"Flow 5"
3.62973,57,"Flow 6"
80.3062,57,"Flow 7"
3.62973,57,"Flow 8"
95.5048,57.1,"Flow 1"
80.3062,57.1,"Flow 2"
4.28402,57.1,"Flow 3"
3.62973,57.1,"Flow 4"
80.3062,57.1,"Flow 5"
3.62973,57.1,"Flow 6"
80.3062,57.1,"Flow 7"
3.62973,57.1,"Flow 8"
95.5048,57.2,"Flow 1"
80.3062,57.2,"Flow 2"
4.28402,57.2,"Flow 3"
3.62973,57.2,"Flow 4"
80.3062,57.2,"Flow 5"
3.62973,57.2,"Flow 6"
80.3062,57.2,"Flow 7"
3.62973,57.2,"Flow 8"
95.5048,57.3,"Flow 1"
80.3062,57.3,"Flow 2"
4.28402,57.3,"Flow 3"
3.62973,57.3,"Flow 4"
80.3062,57.3,"Flow 5"
3.62973,57.3,"Flow 6"
80.3062,57.3,"Flow 7"
3.62973,57.3,"Flow 8"
95.5048,57.4,"Flow 1"
80.3062,57.4,"Flow 2"
4.28402,57.4,"Flow 3"
3.62973,57.4,"Flow 4"
80.3062,57.4,"Flow 5"
3.62973,57.4,"Flow 6"
80.3062,57.4,"Flow 7"
3.62973,57.4,"Flow 8"
95.5048,57.5,"Flow 1"
80.3062,57.5,"Flow 2"
4.28402,57.5,"Flow 3"
3.62973,57.5,"Flow 4"
80.3062,57.5,"Flow 5"
3.62973,57.5,"Flow 6"
80.3062,57.5,"Flow 7"
3.62973,57.5,"Flow 8"
95.5048,57.6,"Flow 1"
80.3062,57.6,"Flow 2"
4.28402,57.6,"Flow 3"
3.62973,57.6,"Flow 4"
80.3062,57.6,"Flow 5"
3.62973,57.6,"Flow 6"
80.3062,57.6,"Flow 7"
3.62973,57.6,"Flow 8"
95.5048,57.7,"Flow 1"
80.3062,57.7,"Flow 2"
4.28402,57.7,"Flow 3"
3.62973,57.7,"Flow 4"
80.3062,57.7,"Flow 5"
3.62973,57.7,"Flow 6"
80.3062,57.7,"Flow 7"
3.62973,57.7,"Flow 8"
95.5048,57.8,"Flow 1"
80.3062,57.8,"Flow 2"
4.28402,57.8,"Flow 3"
3.62973,57.8,"Flow 4"
80.3062,57.8,"Flow 5"
3.62973,57.8,"Flow 6"
80.3062,57.8,"Flow 7"
3.62973,57.8,"Flow 8"
95.5048,57.9,"Flow 1"
80.3062,57.9,"Flow 2"
4.28402,57.9,"Flow 3"
3.62973,57.9,"Flow 4"
80.3062,57.9,"Flow 5"
3.62973,57.9,"Flow 6"
80.3062,57.9,"Flow 7"
3.62973,57.9,"Flow 8"
95.5048,58,"Flow 1"
80.3062,58,"Flow 2"
4.28402,58,"Flow 3"
3.62973,58,"Flow 4"
80.3062,58,"Flow 5"
3.62973,58,"Flow 6"
80.3062,58,"Flow 7"
3.62973,58,"Flow 8"
95.5048,58.1,"Flow 1"
80.3062,58.1,"Flow 2"
4.28402,58.1,"Flow 3"
3.62973,58.1,"Flow 4"
80.3062,58.1,"Flow 5"
3.62973,58.1,"Flow 6"
80.3062,58.1,"Flow 7"
3.62973,58.1,"Flow 8"
95.5048,58.2,"Flow 1"
80.3062,58.2,"Flow 2"
4.28402,58.2,"Flow 3"
3.62973,58.2,"Flow 4"
80.3062,58.2,"Flow 5"
3.62973,58.2,"Flow 6"
80.3062,58.2,"Flow 7"
3.62973,58.2,"Flow 8"
95.5048,58.3,"Flow 1"
80.3062,58.3,"Flow 2"
4.28402,58.3,"Flow 3"
3.62973,58.3,"Flow 4"
80.3062,58.3,"Flow 5"
3.62973,58.3,"Flow 6"
80.3062,58.3,"Flow 7"
3.62973,58.3,"Flow 8"
95.5048,58.4,"Flow 1"
80.3062,58.4,"Flow 2"
4.28402,58.4,"Flow 3"
3.62973,58.4,"Flow 4"
80.3062,58.4,"Flow 5"
3.62973,58.4,"Flow 6"
80.3062,58.4,"Flow 7"
3.62973,58.4,"Flow 8"
95.5048,58.5,"Flow 1"
80.3062,58.5,"Flow 2"
4.28402,58.5,"Flow 3"
3.62973,58.5,"Flow 4"
80.3062,58.5,"Flow 5"
3.62973,58.5,"Flow 6"
80.3062,58.5,"Flow 7"
3.62973,58.5,"Flow 8"
95.5048,58.6,"Flow 1"
80.3062,58.6,"Flow 2"
4.28402,58.6,"Flow 3"
3.62973,58.6,"Flow 4"
80.3062,58.6,"Flow 5"
3.62973,58.6,"Flow 6"
80.3062,58.6,"Flow 7"
3.62973,58.6,"Flow 8"
95.5048,58.7,"Flow 1"
80.3062,58.7,"Flow 2"
4.28402,58.7,"Flow 3"
3.62973,58.7,"Flow 4"
80.3062,58.7,"Flow 5"
3.62973,58.7,"Flow 6"
80.3062,58.7,"Flow 7"
3.62973,58.7,"Flow 8"
95.5048,58.8,"Flow 1"
80.3062,58.8,"Flow 2"
4.28402,58.8,"Flow 3"
3.62973,58.8,"Flow 4"
80.3062,58.8,"Flow 5"
3.62973,58.8,"Flow 6"
80.3062,58.8,"Flow 7"
3.62973,58.8,"Flow 8"
95.5048,58.9,"Flow 1"
80.3062,58.9,"Flow 2"
4.28402,58.9,"Flow 3"
3.62973,58.9,"Flow 4"
80.3062,58.9,"Flow 5"
3.62973,58.9,"Flow 6"
80.3062,58.9,"Flow 7"
3.62973,58.9,"Flow 8"
95.5048,59,"Flow 1"
80.3062,59,"Flow 2"
4.28402,59,"Flow 3"
3.62973,59,"Flow 4"
80.3062,59,"Flow 5"
3.62973,59,"Flow 6"
80.3062,59,"Flow 7"
3.62973,59,"Flow 8"
95.5048,59.1,"Flow 1"
80.3062,59.1,"Flow 2"
4.28402,59.1,"Flow 3"
3.62973,59.1,"Flow 4"
80.3062,59.1,"Flow 5"
3.62973,59.1,"Flow 6"
80.3062,59.1,"Flow 7"
3.62973,59.1,"Flow 8"
95.5048,59.2,"Flow 1"
80.3062,59.2,"Flow 2"
4.28402,59.2,"Flow 3"
3.62973,59.2,"Flow 4"
80.3062,59.2,"Flow 5"
3.62973,59.2,"Flow 6"
80.3062,59.2,"Flow 7"
3.62973,59.2,"Flow 8"
95.5048,59.3,"Flow 1"
80.3062,59.3,"Flow 2"
4.28402,59.3,"Flow 3"
3.62973,59.3,"Flow 4"
80.3062,59.3,"Flow 5"
3.62973,59.3,"Flow 6"
80.3062,59.3,"Flow 7"
3.62973,59.3,"Flow 8"
95.5048,59.4,"Flow 1"
80.3062,59.4,"Flow 2"
4.28402,59.4,"Flow 3"
3.62973,59.4,"Flow 4"
80.3062,59.4,"Flow 5"
3.62973,59.4,"Flow 6"
80.3062,59.4,"Flow 7"
3.62973,59.4,"Flow 8"
95.5048,59.5,"Flow 1"
80.3062,59.5,"Flow 2"
4.28402,59.5,"Flow 3"
3.62973,59.5,"Flow 4"
80.3062,59.5,"Flow 5"
3.62973,59.5,"Flow 6"
80.3062,59.5,"Flow 7"
3.62973,59.5,"Flow 8"
95.5048,59.6,"Flow 1"
80.3062,59.6,"Flow 2"
4.28402,59.6,"Flow 3"
3.62973,59.6,"Flow 4"
80.3062,59.6,"Flow 5"
3.62973,59.6,"Flow 6"
80.3062,59.6,"Flow 7"
3.62973,59.6,"Flow 8"
95.5048,59.7,"Flow 1"
80.3062,59.7,"Flow 2"
4.28402,59.7,"Flow 3"
3.62973,59.7,"Flow 4"
80.3062,59.7,"Flow 5"
3.62973,59.7,"Flow 6"
80.3062,59.7,"Flow 7"
3.62973,59.7,"Flow 8"
95.5048,59.8,"Flow 1"
80.3062,59.8,"Flow 2"
4.28402,59.8,"Flow 3"
3.62973,59.8,"Flow 4"
80.3062,59.8,"Flow 5"
3.62973,59.8,"Flow 6"
80.3062,59.8,"Flow 7"
3.62973,59.8,"Flow 8"
95.5048,59.9,"Flow 1"
80.3062,59.9,"Flow 2"
4.28402,59.9,"Flow 3"
3.62973,59.9,"Flow 4"
80.3062,59.9,"Flow 5"
3.62973,59.9,"Flow 6"
80.3062,59.9,"Flow 7"
3.62973,59.9,"Flow 8"
